# 20260928T132405Z_2ca4a8e9: predicted hand joints in world coordinates, 107 frames at 24 fps
# axes: x = camera viewing direction projected level (forward), y = left, z = up; metres
# origin: right wrist at frame 0; up: back-of-hand normal of the right hand at frame 0 (palm flat on the table); camera at -0.016, 0.208, 0.319 m, 79.36 deg below level, held still
# x_m,y_m,z_m: table contact applied (wrist never below its frame-0 height; 88 frames moved toward the camera, at most 6.4 cm)
# raw_x_m,raw_y_m,raw_z_m: the model's depth as predicted, no correction
# joints: dpl/MANO 21-joint order (index 0-20); hands absent from the clip are left out
frame,time_s,hand,joint,name,x_m,y_m,z_m,raw_x_m,raw_y_m,raw_z_m
0,0.000000,right,0,wrist,0.00000,0.00000,0.00000,0.00000,-0.00003,-0.00005
0,0.000000,right,1,index_mcp,0.03208,0.08457,-0.00484,0.03208,0.08453,-0.00490
0,0.000000,right,2,index_pip,0.04941,0.11266,-0.00629,0.04941,0.11262,-0.00634
0,0.000000,right,3,index_dip,0.06099,0.13147,-0.00875,0.06099,0.13143,-0.00880
0,0.000000,right,4,middle_mcp,0.05561,0.07663,-0.00089,0.05561,0.07660,-0.00094
0,0.000000,right,5,middle_pip,0.07616,0.10081,-0.00199,0.07616,0.10077,-0.00204
0,0.000000,right,6,middle_dip,0.09252,0.11727,-0.00406,0.09252,0.11724,-0.00412
0,0.000000,right,7,pinky_mcp,0.07429,0.03302,-0.00912,0.07429,0.03299,-0.00917
0,0.000000,right,8,pinky_pip,0.09461,0.03833,-0.00675,0.09461,0.03830,-0.00680
0,0.000000,right,9,pinky_dip,0.11339,0.04095,-0.00592,0.11339,0.04092,-0.00597
0,0.000000,right,10,ring_mcp,0.06774,0.05295,-0.00323,0.06774,0.05292,-0.00328
0,0.000000,right,11,ring_pip,0.08741,0.07407,-0.00411,0.08741,0.07403,-0.00416
0,0.000000,right,12,ring_dip,0.10743,0.08871,-0.00353,0.10743,0.08868,-0.00358
0,0.000000,right,13,thumb_cmc,-0.00777,0.03434,-0.01557,-0.00777,0.03431,-0.01562
0,0.000000,right,14,thumb_mcp,-0.01426,0.06442,-0.01521,-0.01426,0.06439,-0.01526
0,0.000000,right,15,thumb_ip,-0.01689,0.09124,-0.01227,-0.01689,0.09121,-0.01232
0,0.000000,right,16,index_tip,0.07496,0.15283,-0.00542,0.07496,0.15280,-0.00547
0,0.000000,right,17,middle_tip,0.10964,0.13699,-0.00117,0.10965,0.13696,-0.00122
0,0.000000,right,18,pinky_tip,0.13184,0.04835,-0.00447,0.13185,0.04832,-0.00452
0,0.000000,right,19,ring_tip,0.12529,0.10658,0.00065,0.12530,0.10655,0.00059
0,0.000000,right,20,thumb_tip,-0.02945,0.12462,-0.00773,-0.02945,0.12458,-0.00778
1,0.041667,right,0,wrist,0.00396,0.00668,0.00420,0.00398,0.00650,0.00392
1,0.041667,right,1,index_mcp,0.04026,0.08832,-0.00408,0.04028,0.08815,-0.00438
1,0.041667,right,2,index_pip,0.05798,0.11612,-0.00465,0.05800,0.11594,-0.00493
1,0.041667,right,3,index_dip,0.07019,0.13231,-0.00762,0.07021,0.13212,-0.00791
1,0.041667,right,4,middle_mcp,0.06374,0.07985,-0.00029,0.06376,0.07966,-0.00058
1,0.041667,right,5,middle_pip,0.08491,0.10235,-0.00043,0.08493,0.10216,-0.00072
1,0.041667,right,6,middle_dip,0.10280,0.11917,-0.00211,0.10282,0.11898,-0.00239
1,0.041667,right,7,pinky_mcp,0.07894,0.03549,-0.00742,0.07896,0.03531,-0.00770
1,0.041667,right,8,pinky_pip,0.09956,0.04017,-0.00438,0.09958,0.03998,-0.00466
1,0.041667,right,9,pinky_dip,0.11978,0.03780,-0.00203,0.11980,0.03762,-0.00233
1,0.041667,right,10,ring_mcp,0.07355,0.05552,-0.00244,0.07356,0.05534,-0.00273
1,0.041667,right,11,ring_pip,0.09413,0.07398,-0.00298,0.09415,0.07380,-0.00327
1,0.041667,right,12,ring_dip,0.11481,0.08896,-0.00095,0.11483,0.08877,-0.00125
1,0.041667,right,13,thumb_cmc,-0.00353,0.04034,-0.01305,-0.00351,0.04016,-0.01335
1,0.041667,right,14,thumb_mcp,-0.00596,0.07114,-0.01208,-0.00595,0.07096,-0.01237
1,0.041667,right,15,thumb_ip,-0.00760,0.09740,-0.01246,-0.00758,0.09721,-0.01275
1,0.041667,right,16,index_tip,0.08513,0.15517,-0.00191,0.08515,0.15498,-0.00219
1,0.041667,right,17,middle_tip,0.11595,0.13499,-0.00038,0.11596,0.13481,-0.00068
1,0.041667,right,18,pinky_tip,0.13824,0.04507,-0.00192,0.13825,0.04488,-0.00220
1,0.041667,right,19,ring_tip,0.13372,0.10464,0.00432,0.13374,0.10445,0.00404
1,0.041667,right,20,thumb_tip,-0.01339,0.13369,-0.00853,-0.01337,0.13351,-0.00881
2,0.083333,right,0,wrist,0.00671,0.01371,0.00568,0.00680,0.01300,0.00456
2,0.083333,right,1,index_mcp,0.04972,0.09299,-0.00344,0.04979,0.09229,-0.00456
2,0.083333,right,2,index_pip,0.07010,0.11801,-0.00390,0.07018,0.11731,-0.00504
2,0.083333,right,3,index_dip,0.08319,0.13347,-0.00654,0.08328,0.13277,-0.00766
2,0.083333,right,4,middle_mcp,0.07301,0.08280,-0.00066,0.07308,0.08210,-0.00178
2,0.083333,right,5,middle_pip,0.09507,0.10238,-0.00163,0.09515,0.10168,-0.00276
2,0.083333,right,6,middle_dip,0.11461,0.11779,-0.00360,0.11469,0.11709,-0.00472
2,0.083333,right,7,pinky_mcp,0.08432,0.03611,-0.00868,0.08441,0.03540,-0.00981
2,0.083333,right,8,pinky_pip,0.10384,0.03925,-0.00652,0.10393,0.03856,-0.00765
2,0.083333,right,9,pinky_dip,0.12326,0.03503,-0.00475,0.12335,0.03433,-0.00587
2,0.083333,right,10,ring_mcp,0.08218,0.05752,-0.00319,0.08226,0.05681,-0.00431
2,0.083333,right,11,ring_pip,0.10156,0.07370,-0.00405,0.10164,0.07299,-0.00518
2,0.083333,right,12,ring_dip,0.12302,0.08654,-0.00211,0.12310,0.08584,-0.00324
2,0.083333,right,13,thumb_cmc,0.00228,0.04913,-0.01030,0.00237,0.04844,-0.01144
2,0.083333,right,14,thumb_mcp,0.00229,0.07934,-0.01039,0.00237,0.07864,-0.01153
2,0.083333,right,15,thumb_ip,0.00443,0.10479,-0.01283,0.00452,0.10410,-0.01395
2,0.083333,right,16,index_tip,0.10067,0.15378,-0.00214,0.10075,0.15308,-0.00326
2,0.083333,right,17,middle_tip,0.12928,0.13257,-0.00258,0.12937,0.13186,-0.00370
2,0.083333,right,18,pinky_tip,0.14312,0.04336,-0.00539,0.14321,0.04266,-0.00653
2,0.083333,right,19,ring_tip,0.14427,0.10196,0.00224,0.14435,0.10127,0.00112
2,0.083333,right,20,thumb_tip,0.00317,0.13989,-0.01078,0.00326,0.13920,-0.01190
3,0.125000,right,0,wrist,0.01325,0.02207,0.00303,0.01356,0.02015,-0.00024
3,0.125000,right,1,index_mcp,0.06558,0.09532,-0.00879,0.06588,0.09341,-0.01205
3,0.125000,right,2,index_pip,0.08916,0.11681,-0.01012,0.08946,0.11488,-0.01338
3,0.125000,right,3,index_dip,0.10422,0.13033,-0.01421,0.10452,0.12841,-0.01748
3,0.125000,right,4,middle_mcp,0.08709,0.08236,-0.00839,0.08740,0.08045,-0.01165
3,0.125000,right,5,middle_pip,0.11164,0.09838,-0.01107,0.11195,0.09646,-0.01433
3,0.125000,right,6,middle_dip,0.13218,0.11128,-0.01570,0.13247,0.10936,-0.01896
3,0.125000,right,7,pinky_mcp,0.09239,0.03448,-0.01794,0.09269,0.03256,-0.02120
3,0.125000,right,8,pinky_pip,0.11077,0.03617,-0.01799,0.11108,0.03425,-0.02125
3,0.125000,right,9,pinky_dip,0.12988,0.02965,-0.01822,0.13018,0.02772,-0.02148
3,0.125000,right,10,ring_mcp,0.09287,0.05572,-0.01202,0.09316,0.05380,-0.01528
3,0.125000,right,11,ring_pip,0.11350,0.07023,-0.01452,0.11380,0.06831,-0.01779
3,0.125000,right,12,ring_dip,0.13581,0.08123,-0.01571,0.13612,0.07932,-0.01897
3,0.125000,right,13,thumb_cmc,0.01239,0.05826,-0.01135,0.01269,0.05634,-0.01461
3,0.125000,right,14,thumb_mcp,0.01576,0.08769,-0.01468,0.01607,0.08577,-0.01795
3,0.125000,right,15,thumb_ip,0.02211,0.11258,-0.02018,0.02241,0.11065,-0.02344
3,0.125000,right,16,index_tip,0.12437,0.14654,-0.01220,0.12467,0.14461,-0.01546
3,0.125000,right,17,middle_tip,0.14766,0.12439,-0.01836,0.14796,0.12248,-0.02162
3,0.125000,right,18,pinky_tip,0.14800,0.03786,-0.02207,0.14831,0.03594,-0.02533
3,0.125000,right,19,ring_tip,0.15821,0.09526,-0.01601,0.15851,0.09334,-0.01927
3,0.125000,right,20,thumb_tip,0.02699,0.14669,-0.02208,0.02730,0.14476,-0.02534
4,0.166667,right,0,wrist,0.01628,0.02646,0.00271,0.01702,0.02236,-0.00447
4,0.166667,right,1,index_mcp,0.07189,0.09613,-0.01189,0.07262,0.09202,-0.01907
4,0.166667,right,2,index_pip,0.09673,0.11655,-0.01429,0.09746,0.11243,-0.02147
4,0.166667,right,3,index_dip,0.11273,0.12868,-0.01997,0.11346,0.12457,-0.02714
4,0.166667,right,4,middle_mcp,0.09199,0.08193,-0.01269,0.09272,0.07782,-0.01987
4,0.166667,right,5,middle_pip,0.11832,0.09673,-0.01689,0.11905,0.09260,-0.02407
4,0.166667,right,6,middle_dip,0.13822,0.10844,-0.02394,0.13895,0.10433,-0.03112
4,0.166667,right,7,pinky_mcp,0.09443,0.03452,-0.02293,0.09516,0.03040,-0.03010
4,0.166667,right,8,pinky_pip,0.11301,0.03580,-0.02420,0.11374,0.03168,-0.03138
4,0.166667,right,9,pinky_dip,0.13224,0.02826,-0.02579,0.13298,0.02415,-0.03297
4,0.166667,right,10,ring_mcp,0.09515,0.05509,-0.01689,0.09588,0.05098,-0.02407
4,0.166667,right,11,ring_pip,0.11781,0.06920,-0.02092,0.11855,0.06508,-0.02810
4,0.166667,right,12,ring_dip,0.14012,0.07965,-0.02540,0.14085,0.07554,-0.03257
4,0.166667,right,13,thumb_cmc,0.01591,0.06239,-0.01130,0.01664,0.05828,-0.01847
4,0.166667,right,14,thumb_mcp,0.02093,0.09096,-0.01727,0.02165,0.08685,-0.02444
4,0.166667,right,15,thumb_ip,0.02858,0.11552,-0.02500,0.02930,0.11140,-0.03218
4,0.166667,right,16,index_tip,0.13326,0.14284,-0.02000,0.13398,0.13872,-0.02718
4,0.166667,right,17,middle_tip,0.15259,0.12078,-0.02967,0.15332,0.11667,-0.03684
4,0.166667,right,18,pinky_tip,0.14711,0.03622,-0.03162,0.14783,0.03210,-0.03880
4,0.166667,right,19,ring_tip,0.16079,0.09364,-0.02928,0.16153,0.08953,-0.03645
4,0.166667,right,20,thumb_tip,0.03569,0.14851,-0.03027,0.03642,0.14440,-0.03744
5,0.208333,right,0,wrist,0.02048,0.03948,-0.00006,0.02194,0.03273,-0.01285
5,0.208333,right,1,index_mcp,0.08037,0.10377,-0.01704,0.08183,0.09701,-0.02984
5,0.208333,right,2,index_pip,0.10781,0.12056,-0.02142,0.10928,0.11380,-0.03422
5,0.208333,right,3,index_dip,0.12455,0.12997,-0.02846,0.12601,0.12321,-0.04126
5,0.208333,right,4,middle_mcp,0.10012,0.08825,-0.01964,0.10158,0.08150,-0.03244
5,0.208333,right,5,middle_pip,0.12743,0.10024,-0.02562,0.12889,0.09348,-0.03842
5,0.208333,right,6,middle_dip,0.14538,0.10786,-0.03639,0.14684,0.10111,-0.04918
5,0.208333,right,7,pinky_mcp,0.09555,0.04177,-0.03043,0.09701,0.03501,-0.04323
5,0.208333,right,8,pinky_pip,0.11621,0.04121,-0.03264,0.11768,0.03445,-0.04544
5,0.208333,right,9,pinky_dip,0.13302,0.03204,-0.03817,0.13448,0.02528,-0.05097
5,0.208333,right,10,ring_mcp,0.09963,0.06149,-0.02423,0.10110,0.05474,-0.03703
5,0.208333,right,11,ring_pip,0.12413,0.07251,-0.02939,0.12559,0.06575,-0.04218
5,0.208333,right,12,ring_dip,0.14441,0.07901,-0.03987,0.14587,0.07226,-0.05267
5,0.208333,right,13,thumb_cmc,0.02238,0.07523,-0.01465,0.02384,0.06847,-0.02745
5,0.208333,right,14,thumb_mcp,0.03001,0.10342,-0.02235,0.03147,0.09667,-0.03515
5,0.208333,right,15,thumb_ip,0.03890,0.12528,-0.03128,0.04036,0.11852,-0.04407
5,0.208333,right,16,index_tip,0.14425,0.14033,-0.03209,0.14571,0.13357,-0.04489
5,0.208333,right,17,middle_tip,0.15979,0.11705,-0.04526,0.16126,0.11028,-0.05806
5,0.208333,right,18,pinky_tip,0.14799,0.04130,-0.04584,0.14946,0.03454,-0.05864
5,0.208333,right,19,ring_tip,0.16060,0.08911,-0.04507,0.16206,0.08236,-0.05787
5,0.208333,right,20,thumb_tip,0.04750,0.15449,-0.04059,0.04897,0.14774,-0.05337
6,0.250000,right,0,wrist,0.02169,0.04671,-0.00076,0.02395,0.03709,-0.01985
6,0.250000,right,1,index_mcp,0.08805,0.10350,-0.02335,0.09030,0.09387,-0.04244
6,0.250000,right,2,index_pip,0.11726,0.11521,-0.02960,0.11952,0.10559,-0.04871
6,0.250000,right,3,index_dip,0.13436,0.12228,-0.03980,0.13661,0.11266,-0.05891
6,0.250000,right,4,middle_mcp,0.10517,0.08486,-0.02622,0.10742,0.07523,-0.04532
6,0.250000,right,5,middle_pip,0.13339,0.09316,-0.03490,0.13565,0.08354,-0.05399
6,0.250000,right,6,middle_dip,0.14996,0.09727,-0.04909,0.15221,0.08765,-0.06819
6,0.250000,right,7,pinky_mcp,0.09531,0.03859,-0.03530,0.09756,0.02895,-0.05439
6,0.250000,right,8,pinky_pip,0.11447,0.03645,-0.03941,0.11672,0.02682,-0.05850
6,0.250000,right,9,pinky_dip,0.12961,0.02547,-0.04536,0.13186,0.01583,-0.06445
6,0.250000,right,10,ring_mcp,0.10284,0.05805,-0.03017,0.10510,0.04843,-0.04927
6,0.250000,right,11,ring_pip,0.12654,0.06629,-0.03811,0.12879,0.05667,-0.05721
6,0.250000,right,12,ring_dip,0.14479,0.06979,-0.05254,0.14704,0.06016,-0.07164
6,0.250000,right,13,thumb_cmc,0.02777,0.08177,-0.01635,0.03002,0.07214,-0.03545
6,0.250000,right,14,thumb_mcp,0.03723,0.10822,-0.02588,0.03948,0.09859,-0.04497
6,0.250000,right,15,thumb_ip,0.04816,0.12736,-0.03819,0.05041,0.11773,-0.05730
6,0.250000,right,16,index_tip,0.15335,0.12876,-0.04815,0.15560,0.11914,-0.06725
6,0.250000,right,17,middle_tip,0.16034,0.10324,-0.06263,0.16259,0.09361,-0.08172
6,0.250000,right,18,pinky_tip,0.14166,0.03307,-0.05694,0.14391,0.02345,-0.07604
6,0.250000,right,19,ring_tip,0.15791,0.07671,-0.06295,0.16015,0.06709,-0.08206
6,0.250000,right,20,thumb_tip,0.05784,0.15268,-0.05270,0.06009,0.14306,-0.07180
7,0.291667,right,0,wrist,0.02201,0.05408,-0.00094,0.02501,0.04192,-0.02624
7,0.291667,right,1,index_mcp,0.09176,0.10575,-0.02677,0.09476,0.09359,-0.05209
7,0.291667,right,2,index_pip,0.12083,0.11391,-0.03569,0.12383,0.10173,-0.06099
7,0.291667,right,3,index_dip,0.13666,0.11899,-0.04974,0.13965,0.10682,-0.07504
7,0.291667,right,4,middle_mcp,0.10711,0.08588,-0.03012,0.11012,0.07372,-0.05543
7,0.291667,right,5,middle_pip,0.13540,0.09098,-0.04102,0.13840,0.07881,-0.06632
7,0.291667,right,6,middle_dip,0.14899,0.09290,-0.05868,0.15200,0.08074,-0.08399
7,0.291667,right,7,pinky_mcp,0.09421,0.03947,-0.03817,0.09721,0.02730,-0.06347
7,0.291667,right,8,pinky_pip,0.11195,0.03735,-0.04397,0.11495,0.02520,-0.06927
7,0.291667,right,9,pinky_dip,0.12562,0.02535,-0.05101,0.12863,0.01318,-0.07631
7,0.291667,right,10,ring_mcp,0.10294,0.05906,-0.03363,0.10594,0.04690,-0.05894
7,0.291667,right,11,ring_pip,0.12575,0.06581,-0.04450,0.12876,0.05364,-0.06980
7,0.291667,right,12,ring_dip,0.14114,0.06726,-0.06214,0.14414,0.05511,-0.08745
7,0.291667,right,13,thumb_cmc,0.03014,0.08846,-0.01687,0.03315,0.07630,-0.04217
7,0.291667,right,14,thumb_mcp,0.04037,0.11394,-0.02776,0.04336,0.10178,-0.05306
7,0.291667,right,15,thumb_ip,0.05176,0.13172,-0.04247,0.05476,0.11957,-0.06777
7,0.291667,right,16,index_tip,0.15212,0.12270,-0.06223,0.15512,0.11053,-0.08753
7,0.291667,right,17,middle_tip,0.15321,0.09731,-0.07723,0.15622,0.08514,-0.10253
7,0.291667,right,18,pinky_tip,0.13470,0.03274,-0.06535,0.13769,0.02057,-0.09066
7,0.291667,right,19,ring_tip,0.15071,0.07206,-0.07708,0.15372,0.05989,-0.10238
7,0.291667,right,20,thumb_tip,0.06233,0.15437,-0.06002,0.06533,0.14220,-0.08532
8,0.333333,right,0,wrist,0.02130,0.06041,-0.00071,0.02490,0.04615,-0.03164
8,0.333333,right,1,index_mcp,0.09415,0.10615,-0.02870,0.09775,0.09189,-0.05962
8,0.333333,right,2,index_pip,0.12235,0.11142,-0.04075,0.12596,0.09716,-0.07167
8,0.333333,right,3,index_dip,0.13571,0.11455,-0.05848,0.13931,0.10029,-0.08941
8,0.333333,right,4,middle_mcp,0.10783,0.08570,-0.03287,0.11143,0.07144,-0.06380
8,0.333333,right,5,middle_pip,0.13566,0.08730,-0.04586,0.13926,0.07304,-0.07678
8,0.333333,right,6,middle_dip,0.14569,0.08783,-0.06649,0.14929,0.07357,-0.09743
8,0.333333,right,7,pinky_mcp,0.09086,0.03996,-0.04060,0.09447,0.02570,-0.07152
8,0.333333,right,8,pinky_pip,0.10797,0.03731,-0.04772,0.11157,0.02305,-0.07865
8,0.333333,right,9,pinky_dip,0.11973,0.02427,-0.05640,0.12334,0.01001,-0.08733
8,0.333333,right,10,ring_mcp,0.10054,0.05945,-0.03602,0.10415,0.04518,-0.06695
8,0.333333,right,11,ring_pip,0.12294,0.06433,-0.04982,0.12654,0.05007,-0.08075
8,0.333333,right,12,ring_dip,0.13543,0.06424,-0.06985,0.13904,0.04998,-0.10078
8,0.333333,right,13,thumb_cmc,0.03111,0.09413,-0.01665,0.03471,0.07986,-0.04758
8,0.333333,right,14,thumb_mcp,0.04276,0.11881,-0.02839,0.04636,0.10455,-0.05932
8,0.333333,right,15,thumb_ip,0.05444,0.13597,-0.04455,0.05804,0.12171,-0.07549
8,0.333333,right,16,index_tip,0.14677,0.11580,-0.07426,0.15038,0.10153,-0.10519
8,0.333333,right,17,middle_tip,0.14429,0.09192,-0.08885,0.14789,0.07766,-0.11978
8,0.333333,right,18,pinky_tip,0.12676,0.03176,-0.07223,0.13036,0.01749,-0.10316
8,0.333333,right,19,ring_tip,0.14189,0.06748,-0.08815,0.14550,0.05322,-0.11908
8,0.333333,right,20,thumb_tip,0.06687,0.15633,-0.06372,0.07047,0.14206,-0.09464
9,0.375000,right,0,wrist,0.02374,0.07100,-0.00141,0.02820,0.05563,-0.03740
9,0.375000,right,1,index_mcp,0.09874,0.11283,-0.02862,0.10320,0.09746,-0.06460
9,0.375000,right,2,index_pip,0.12707,0.11448,-0.04211,0.13152,0.09911,-0.07810
9,0.375000,right,3,index_dip,0.13542,0.11649,-0.06175,0.13988,0.10112,-0.09774
9,0.375000,right,4,middle_mcp,0.11153,0.09120,-0.03334,0.11599,0.07583,-0.06932
9,0.375000,right,5,middle_pip,0.13897,0.09097,-0.04778,0.14342,0.07559,-0.08376
9,0.375000,right,6,middle_dip,0.14403,0.09057,-0.06924,0.14848,0.07519,-0.10523
9,0.375000,right,7,pinky_mcp,0.09043,0.04806,-0.04181,0.09489,0.03270,-0.07779
9,0.375000,right,8,pinky_pip,0.10875,0.04501,-0.05017,0.11321,0.02964,-0.08615
9,0.375000,right,9,pinky_dip,0.11964,0.03359,-0.06193,0.12411,0.01822,-0.09792
9,0.375000,right,10,ring_mcp,0.10125,0.06645,-0.03672,0.10572,0.05108,-0.07271
9,0.375000,right,11,ring_pip,0.12421,0.06924,-0.05218,0.12867,0.05388,-0.08816
9,0.375000,right,12,ring_dip,0.13157,0.06862,-0.07298,0.13604,0.05324,-0.10896
9,0.375000,right,13,thumb_cmc,0.03579,0.10437,-0.01651,0.04025,0.08900,-0.05250
9,0.375000,right,14,thumb_mcp,0.04921,0.12812,-0.02759,0.05367,0.11275,-0.06358
9,0.375000,right,15,thumb_ip,0.06168,0.14338,-0.04301,0.06613,0.12800,-0.07901
9,0.375000,right,16,index_tip,0.14308,0.11380,-0.07870,0.14754,0.09843,-0.11469
9,0.375000,right,17,middle_tip,0.13617,0.09444,-0.09297,0.14062,0.07906,-0.12896
9,0.375000,right,18,pinky_tip,0.12476,0.04274,-0.07458,0.12922,0.02736,-0.11058
9,0.375000,right,19,ring_tip,0.13158,0.07141,-0.09186,0.13605,0.05604,-0.12785
9,0.375000,right,20,thumb_tip,0.07390,0.16369,-0.06226,0.07836,0.14832,-0.09825
10,0.416667,right,0,wrist,0.02461,0.07824,-0.00084,0.02971,0.06196,-0.04101
10,0.416667,right,1,index_mcp,0.10197,0.11766,-0.02752,0.10706,0.10138,-0.06769
10,0.416667,right,2,index_pip,0.12816,0.11681,-0.04292,0.13325,0.10053,-0.08309
10,0.416667,right,3,index_dip,0.13352,0.11848,-0.06358,0.13861,0.10220,-0.10375
10,0.416667,right,4,middle_mcp,0.11275,0.09505,-0.03188,0.11784,0.07877,-0.07205
10,0.416667,right,5,middle_pip,0.13983,0.09373,-0.04767,0.14492,0.07746,-0.08784
10,0.416667,right,6,middle_dip,0.14214,0.09413,-0.06985,0.14724,0.07785,-0.11002
10,0.416667,right,7,pinky_mcp,0.09074,0.05264,-0.04211,0.09583,0.03637,-0.08228
10,0.416667,right,8,pinky_pip,0.10794,0.05076,-0.05090,0.11303,0.03449,-0.09107
10,0.416667,right,9,pinky_dip,0.11739,0.04062,-0.06349,0.12249,0.02435,-0.10366
10,0.416667,right,10,ring_mcp,0.10330,0.06975,-0.03685,0.10839,0.05348,-0.07702
10,0.416667,right,11,ring_pip,0.12386,0.07309,-0.05278,0.12896,0.05681,-0.09295
10,0.416667,right,12,ring_dip,0.12813,0.07380,-0.07411,0.13323,0.05752,-0.11428
10,0.416667,right,13,thumb_cmc,0.03820,0.11105,-0.01562,0.04330,0.09477,-0.05579
10,0.416667,right,14,thumb_mcp,0.05264,0.13488,-0.02576,0.05773,0.11861,-0.06593
10,0.416667,right,15,thumb_ip,0.06584,0.14955,-0.04155,0.07094,0.13327,-0.08171
10,0.416667,right,16,index_tip,0.13868,0.11425,-0.08098,0.14378,0.09797,-0.12115
10,0.416667,right,17,middle_tip,0.12744,0.09869,-0.09396,0.13253,0.08241,-0.13413
10,0.416667,right,18,pinky_tip,0.12315,0.05033,-0.07566,0.12824,0.03406,-0.11583
10,0.416667,right,19,ring_tip,0.12387,0.07852,-0.09236,0.12896,0.06223,-0.13253
10,0.416667,right,20,thumb_tip,0.07762,0.16995,-0.06116,0.08272,0.15367,-0.10133
11,0.458333,right,0,wrist,0.02658,0.08482,-0.00048,0.03240,0.06798,-0.04423
11,0.458333,right,1,index_mcp,0.10723,0.11976,-0.02487,0.11305,0.10291,-0.06861
11,0.458333,right,2,index_pip,0.13205,0.11641,-0.04187,0.13787,0.09956,-0.08562
11,0.458333,right,3,index_dip,0.13521,0.11770,-0.06314,0.14104,0.10086,-0.10688
11,0.458333,right,4,middle_mcp,0.11636,0.09684,-0.02914,0.12218,0.07999,-0.07289
11,0.458333,right,5,middle_pip,0.14281,0.09335,-0.04580,0.14864,0.07651,-0.08955
11,0.458333,right,6,middle_dip,0.14277,0.09466,-0.06846,0.14860,0.07782,-0.11221
11,0.458333,right,7,pinky_mcp,0.09282,0.05592,-0.04106,0.09864,0.03907,-0.08480
11,0.458333,right,8,pinky_pip,0.10836,0.05532,-0.05052,0.11419,0.03848,-0.09426
11,0.458333,right,9,pinky_dip,0.11624,0.04687,-0.06408,0.12206,0.03002,-0.10782
11,0.458333,right,10,ring_mcp,0.10599,0.07190,-0.03510,0.11182,0.05505,-0.07885
11,0.458333,right,11,ring_pip,0.12538,0.07474,-0.05192,0.13120,0.05790,-0.09567
11,0.458333,right,12,ring_dip,0.12738,0.07669,-0.07344,0.13321,0.05985,-0.11719
11,0.458333,right,13,thumb_cmc,0.04219,0.11735,-0.01422,0.04802,0.10050,-0.05797
11,0.458333,right,14,thumb_mcp,0.05809,0.14032,-0.02412,0.06391,0.12347,-0.06786
11,0.458333,right,15,thumb_ip,0.07200,0.15421,-0.04046,0.07783,0.13736,-0.08421
11,0.458333,right,16,index_tip,0.13813,0.11304,-0.08040,0.14396,0.09620,-0.12415
11,0.458333,right,17,middle_tip,0.12395,0.10095,-0.09300,0.12977,0.08411,-0.13675
11,0.458333,right,18,pinky_tip,0.12250,0.05730,-0.07726,0.12833,0.04046,-0.12100
11,0.458333,right,19,ring_tip,0.12068,0.08431,-0.09221,0.12650,0.06747,-0.13596
11,0.458333,right,20,thumb_tip,0.08415,0.17400,-0.06096,0.08998,0.15715,-0.10470
12,0.500000,right,0,wrist,0.02832,0.08886,0.00090,0.03486,0.07132,-0.04603
12,0.500000,right,1,index_mcp,0.11032,0.12141,-0.02120,0.11686,0.10386,-0.06812
12,0.500000,right,2,index_pip,0.13528,0.11745,-0.03884,0.14182,0.09990,-0.08576
12,0.500000,right,3,index_dip,0.13795,0.11878,-0.06016,0.14449,0.10124,-0.10708
12,0.500000,right,4,middle_mcp,0.11944,0.09889,-0.02594,0.12597,0.08134,-0.07286
12,0.500000,right,5,middle_pip,0.14538,0.09420,-0.04296,0.15191,0.07665,-0.08988
12,0.500000,right,6,middle_dip,0.14425,0.09607,-0.06575,0.15078,0.07852,-0.11267
12,0.500000,right,7,pinky_mcp,0.09483,0.05905,-0.03860,0.10136,0.04150,-0.08552
12,0.500000,right,8,pinky_pip,0.10952,0.05914,-0.04896,0.11606,0.04159,-0.09588
12,0.500000,right,9,pinky_dip,0.11625,0.05194,-0.06305,0.12279,0.03440,-0.10997
12,0.500000,right,10,ring_mcp,0.10725,0.07514,-0.03184,0.11379,0.05759,-0.07876
12,0.500000,right,11,ring_pip,0.12729,0.07698,-0.04975,0.13382,0.05943,-0.09667
12,0.500000,right,12,ring_dip,0.12845,0.07937,-0.07113,0.13499,0.06183,-0.11805
12,0.500000,right,13,thumb_cmc,0.04512,0.12155,-0.01171,0.05165,0.10401,-0.05863
12,0.500000,right,14,thumb_mcp,0.06131,0.14391,-0.02178,0.06785,0.12637,-0.06870
12,0.500000,right,15,thumb_ip,0.07522,0.15770,-0.03854,0.08177,0.14015,-0.08547
12,0.500000,right,16,index_tip,0.13963,0.11452,-0.07681,0.14616,0.09697,-0.12373
12,0.500000,right,17,middle_tip,0.12545,0.10349,-0.09019,0.13198,0.08594,-0.13712
12,0.500000,right,18,pinky_tip,0.12262,0.06249,-0.07744,0.12915,0.04494,-0.12436
12,0.500000,right,19,ring_tip,0.12192,0.08906,-0.09096,0.12846,0.07151,-0.13788
12,0.500000,right,20,thumb_tip,0.08763,0.17685,-0.05982,0.09417,0.15930,-0.10674
13,0.541667,right,0,wrist,0.02851,0.09320,-0.00105,0.03546,0.07528,-0.05109
13,0.541667,right,1,index_mcp,0.11126,0.12401,-0.02032,0.11821,0.10609,-0.07036
13,0.541667,right,2,index_pip,0.13611,0.11858,-0.03599,0.14307,0.10066,-0.08603
13,0.541667,right,3,index_dip,0.14022,0.12109,-0.05717,0.14717,0.10318,-0.10721
13,0.541667,right,4,middle_mcp,0.12100,0.10093,-0.02544,0.12796,0.08300,-0.07548
13,0.541667,right,5,middle_pip,0.14593,0.09703,-0.04113,0.15288,0.07912,-0.09117
13,0.541667,right,6,middle_dip,0.14596,0.09793,-0.06438,0.15291,0.08001,-0.11441
13,0.541667,right,7,pinky_mcp,0.09382,0.06296,-0.03806,0.10078,0.04504,-0.08809
13,0.541667,right,8,pinky_pip,0.10981,0.06602,-0.04952,0.11677,0.04810,-0.09956
13,0.541667,right,9,pinky_dip,0.11857,0.06155,-0.06680,0.12553,0.04363,-0.11684
13,0.541667,right,10,ring_mcp,0.10706,0.07835,-0.03106,0.11400,0.06044,-0.08110
13,0.541667,right,11,ring_pip,0.12818,0.07922,-0.04905,0.13514,0.06130,-0.09909
13,0.541667,right,12,ring_dip,0.13067,0.08319,-0.07009,0.13763,0.06527,-0.12013
13,0.541667,right,13,thumb_cmc,0.04705,0.12477,-0.01314,0.05400,0.10685,-0.06317
13,0.541667,right,14,thumb_mcp,0.06402,0.14706,-0.02225,0.07097,0.12914,-0.07229
13,0.541667,right,15,thumb_ip,0.07889,0.16113,-0.03722,0.08585,0.14321,-0.08726
13,0.541667,right,16,index_tip,0.14166,0.11673,-0.07591,0.14862,0.09881,-0.12594
13,0.541667,right,17,middle_tip,0.12869,0.10841,-0.08886,0.13564,0.09049,-0.13890
13,0.541667,right,18,pinky_tip,0.12232,0.06970,-0.08176,0.12928,0.05178,-0.13179
13,0.541667,right,19,ring_tip,0.12346,0.09253,-0.09061,0.13042,0.07461,-0.14064
13,0.541667,right,20,thumb_tip,0.09001,0.17742,-0.05854,0.09697,0.15950,-0.10858
14,0.583333,right,0,wrist,0.02760,0.09621,-0.00116,0.03477,0.07784,-0.05384
14,0.583333,right,1,index_mcp,0.11166,0.12561,-0.01957,0.11883,0.10724,-0.07225
14,0.583333,right,2,index_pip,0.13675,0.11927,-0.03476,0.14392,0.10091,-0.08745
14,0.583333,right,3,index_dip,0.14040,0.12185,-0.05541,0.14757,0.10348,-0.10810
14,0.583333,right,4,middle_mcp,0.11980,0.10215,-0.02429,0.12697,0.08378,-0.07698
14,0.583333,right,5,middle_pip,0.14516,0.09772,-0.04067,0.15233,0.07936,-0.09335
14,0.583333,right,6,middle_dip,0.14426,0.09900,-0.06394,0.15143,0.08064,-0.11662
14,0.583333,right,7,pinky_mcp,0.09264,0.06393,-0.03861,0.09981,0.04557,-0.09128
14,0.583333,right,8,pinky_pip,0.10791,0.06953,-0.04963,0.11507,0.05116,-0.10230
14,0.583333,right,9,pinky_dip,0.11407,0.06719,-0.06732,0.12124,0.04882,-0.11999
14,0.583333,right,10,ring_mcp,0.10698,0.07879,-0.03126,0.11415,0.06043,-0.08393
14,0.583333,right,11,ring_pip,0.12697,0.08064,-0.04937,0.13414,0.06228,-0.10204
14,0.583333,right,12,ring_dip,0.12764,0.08537,-0.07043,0.13482,0.06701,-0.12311
14,0.583333,right,13,thumb_cmc,0.04676,0.12726,-0.01309,0.05393,0.10890,-0.06577
14,0.583333,right,14,thumb_mcp,0.06490,0.14907,-0.02185,0.07206,0.13070,-0.07452
14,0.583333,right,15,thumb_ip,0.08023,0.16232,-0.03721,0.08739,0.14395,-0.08990
14,0.583333,right,16,index_tip,0.14027,0.11763,-0.07535,0.14744,0.09926,-0.12802
14,0.583333,right,17,middle_tip,0.12550,0.11031,-0.08730,0.13267,0.09195,-0.13998
14,0.583333,right,18,pinky_tip,0.11587,0.07490,-0.08354,0.12303,0.05654,-0.13621
14,0.583333,right,19,ring_tip,0.11665,0.09677,-0.08977,0.12381,0.07840,-0.14246
14,0.583333,right,20,thumb_tip,0.09079,0.17864,-0.05871,0.09797,0.16028,-0.11139
15,0.625000,right,0,wrist,0.02714,0.09776,-0.00054,0.03451,0.07893,-0.05519
15,0.625000,right,1,index_mcp,0.11175,0.12629,-0.01908,0.11911,0.10746,-0.07373
15,0.625000,right,2,index_pip,0.13660,0.11998,-0.03438,0.14397,0.10115,-0.08903
15,0.625000,right,3,index_dip,0.13988,0.12218,-0.05515,0.14726,0.10336,-0.10980
15,0.625000,right,4,middle_mcp,0.11944,0.10299,-0.02379,0.12682,0.08417,-0.07845
15,0.625000,right,5,middle_pip,0.14430,0.09791,-0.04109,0.15167,0.07908,-0.09575
15,0.625000,right,6,middle_dip,0.14207,0.09964,-0.06448,0.14945,0.08081,-0.11914
15,0.625000,right,7,pinky_mcp,0.09238,0.06439,-0.03866,0.09975,0.04556,-0.09332
15,0.625000,right,8,pinky_pip,0.10580,0.07232,-0.05060,0.11318,0.05349,-0.10526
15,0.625000,right,9,pinky_dip,0.10863,0.07213,-0.06828,0.11600,0.05330,-0.12294
15,0.625000,right,10,ring_mcp,0.10667,0.07954,-0.03112,0.11404,0.06071,-0.08578
15,0.625000,right,11,ring_pip,0.12563,0.08181,-0.05015,0.13300,0.06298,-0.10481
15,0.625000,right,12,ring_dip,0.12416,0.08680,-0.07102,0.13154,0.06798,-0.12568
15,0.625000,right,13,thumb_cmc,0.04619,0.12896,-0.01216,0.05357,0.11013,-0.06682
15,0.625000,right,14,thumb_mcp,0.06491,0.15004,-0.02169,0.07228,0.13121,-0.07633
15,0.625000,right,15,thumb_ip,0.08042,0.16278,-0.03750,0.08780,0.14395,-0.09216
15,0.625000,right,16,index_tip,0.13838,0.11857,-0.07517,0.14575,0.09975,-0.12982
15,0.625000,right,17,middle_tip,0.12159,0.11173,-0.08688,0.12896,0.09290,-0.14154
15,0.625000,right,18,pinky_tip,0.10707,0.07970,-0.08523,0.11444,0.06087,-0.13988
15,0.625000,right,19,ring_tip,0.10908,0.09972,-0.08883,0.11645,0.08089,-0.14348
15,0.625000,right,20,thumb_tip,0.09102,0.17848,-0.05886,0.09838,0.15966,-0.11352
16,0.666667,right,0,wrist,0.02682,0.09852,-0.00019,0.03434,0.07931,-0.05630
16,0.666667,right,1,index_mcp,0.11154,0.12604,-0.01901,0.11906,0.10683,-0.07512
16,0.666667,right,2,index_pip,0.13617,0.12013,-0.03469,0.14369,0.10092,-0.09081
16,0.666667,right,3,index_dip,0.13927,0.12198,-0.05572,0.14679,0.10276,-0.11182
16,0.666667,right,4,middle_mcp,0.11945,0.10310,-0.02404,0.12697,0.08388,-0.08014
16,0.666667,right,5,middle_pip,0.14353,0.09755,-0.04207,0.15105,0.07834,-0.09818
16,0.666667,right,6,middle_dip,0.14006,0.09977,-0.06570,0.14758,0.08056,-0.12181
16,0.666667,right,7,pinky_mcp,0.09194,0.06479,-0.03871,0.09947,0.04557,-0.09481
16,0.666667,right,8,pinky_pip,0.10360,0.07393,-0.05222,0.11113,0.05471,-0.10833
16,0.666667,right,9,pinky_dip,0.10354,0.07555,-0.06981,0.11107,0.05633,-0.12592
16,0.666667,right,10,ring_mcp,0.10581,0.08027,-0.03114,0.11335,0.06106,-0.08725
16,0.666667,right,11,ring_pip,0.12429,0.08228,-0.05139,0.13181,0.06307,-0.10750
16,0.666667,right,12,ring_dip,0.12084,0.08752,-0.07201,0.12837,0.06830,-0.12812
16,0.666667,right,13,thumb_cmc,0.04595,0.12990,-0.01143,0.05347,0.11069,-0.06754
16,0.666667,right,14,thumb_mcp,0.06483,0.15028,-0.02191,0.07236,0.13108,-0.07803
16,0.666667,right,15,thumb_ip,0.08051,0.16267,-0.03803,0.08803,0.14345,-0.09413
16,0.666667,right,16,index_tip,0.13674,0.11904,-0.07545,0.14426,0.09983,-0.13155
16,0.666667,right,17,middle_tip,0.11792,0.11246,-0.08718,0.12544,0.09325,-0.14330
16,0.666667,right,18,pinky_tip,0.09835,0.08355,-0.08702,0.10587,0.06434,-0.14313
16,0.666667,right,19,ring_tip,0.10212,0.10127,-0.08810,0.10964,0.08206,-0.14421
16,0.666667,right,20,thumb_tip,0.09135,0.17774,-0.05918,0.09887,0.15853,-0.11528
17,0.708333,right,0,wrist,0.02767,0.09992,-0.00014,0.03550,0.08058,-0.05737
17,0.708333,right,1,index_mcp,0.11182,0.12795,-0.01934,0.11964,0.10861,-0.07657
17,0.708333,right,2,index_pip,0.13674,0.12197,-0.03513,0.14457,0.10263,-0.09236
17,0.708333,right,3,index_dip,0.14032,0.12127,-0.05523,0.14815,0.10192,-0.11246
17,0.708333,right,4,middle_mcp,0.11967,0.10462,-0.02440,0.12749,0.08528,-0.08163
17,0.708333,right,5,middle_pip,0.14122,0.09923,-0.04276,0.14904,0.07989,-0.09999
17,0.708333,right,6,middle_dip,0.14006,0.10156,-0.06507,0.14788,0.08220,-0.12230
17,0.708333,right,7,pinky_mcp,0.09257,0.06630,-0.03882,0.10040,0.04696,-0.09606
17,0.708333,right,8,pinky_pip,0.10308,0.07690,-0.05244,0.11091,0.05756,-0.10966
17,0.708333,right,9,pinky_dip,0.10096,0.07870,-0.06998,0.10880,0.05935,-0.12721
17,0.708333,right,10,ring_mcp,0.10597,0.08138,-0.03123,0.11381,0.06203,-0.08845
17,0.708333,right,11,ring_pip,0.12346,0.08408,-0.05136,0.13129,0.06473,-0.10859
17,0.708333,right,12,ring_dip,0.11979,0.08803,-0.07324,0.12761,0.06869,-0.13047
17,0.708333,right,13,thumb_cmc,0.04699,0.13128,-0.01201,0.05481,0.11193,-0.06924
17,0.708333,right,14,thumb_mcp,0.06552,0.14965,-0.02370,0.07335,0.13029,-0.08093
17,0.708333,right,15,thumb_ip,0.08146,0.16091,-0.03923,0.08929,0.14156,-0.09646
17,0.708333,right,16,index_tip,0.13895,0.11973,-0.07392,0.14676,0.10039,-0.13115
17,0.708333,right,17,middle_tip,0.11493,0.11317,-0.08608,0.12275,0.09382,-0.14331
17,0.708333,right,18,pinky_tip,0.09314,0.08781,-0.08505,0.10098,0.06846,-0.14229
17,0.708333,right,19,ring_tip,0.09683,0.10355,-0.08488,0.10465,0.08420,-0.14211
17,0.708333,right,20,thumb_tip,0.09260,0.17606,-0.06208,0.10043,0.15672,-0.11931
18,0.750000,right,0,wrist,0.02570,0.09868,-0.00111,0.03325,0.07892,-0.05905
18,0.750000,right,1,index_mcp,0.10936,0.12664,-0.01942,0.11691,0.10688,-0.07737
18,0.750000,right,2,index_pip,0.13565,0.12122,-0.03557,0.14319,0.10146,-0.09352
18,0.750000,right,3,index_dip,0.13820,0.12206,-0.05572,0.14575,0.10231,-0.11366
18,0.750000,right,4,middle_mcp,0.11845,0.10329,-0.02566,0.12600,0.08354,-0.08361
18,0.750000,right,5,middle_pip,0.14217,0.09823,-0.04343,0.14972,0.07847,-0.10137
18,0.750000,right,6,middle_dip,0.13737,0.10131,-0.06650,0.14492,0.08155,-0.12444
18,0.750000,right,7,pinky_mcp,0.08957,0.06588,-0.03961,0.09712,0.04612,-0.09755
18,0.750000,right,8,pinky_pip,0.09992,0.07792,-0.05547,0.10746,0.05816,-0.11343
18,0.750000,right,9,pinky_dip,0.09894,0.07975,-0.07176,0.10649,0.05999,-0.12970
18,0.750000,right,10,ring_mcp,0.10352,0.08105,-0.03243,0.11107,0.06129,-0.09037
18,0.750000,right,11,ring_pip,0.12205,0.08348,-0.05316,0.12959,0.06372,-0.11110
18,0.750000,right,12,ring_dip,0.11646,0.08727,-0.07529,0.12401,0.06751,-0.13323
18,0.750000,right,13,thumb_cmc,0.04496,0.13033,-0.01186,0.05250,0.11057,-0.06980
18,0.750000,right,14,thumb_mcp,0.06418,0.14986,-0.02344,0.07172,0.13010,-0.08138
18,0.750000,right,15,thumb_ip,0.08022,0.16058,-0.03932,0.08776,0.14082,-0.09728
18,0.750000,right,16,index_tip,0.13719,0.12215,-0.07480,0.14473,0.10239,-0.13275
18,0.750000,right,17,middle_tip,0.10994,0.11348,-0.08582,0.11748,0.09372,-0.14377
18,0.750000,right,18,pinky_tip,0.08585,0.08803,-0.08491,0.09339,0.06828,-0.14286
18,0.750000,right,19,ring_tip,0.09149,0.10284,-0.08480,0.09903,0.08308,-0.14275
18,0.750000,right,20,thumb_tip,0.09203,0.17436,-0.06273,0.09957,0.15460,-0.12068
19,0.791667,right,0,wrist,0.02629,0.09910,-0.00031,0.03401,0.07925,-0.05860
19,0.791667,right,1,index_mcp,0.11001,0.12768,-0.01935,0.11772,0.10784,-0.07762
19,0.791667,right,2,index_pip,0.13658,0.12194,-0.03451,0.14430,0.10209,-0.09279
19,0.791667,right,3,index_dip,0.13814,0.12341,-0.05438,0.14585,0.10357,-0.11266
19,0.791667,right,4,middle_mcp,0.11751,0.10415,-0.02536,0.12523,0.08431,-0.08364
19,0.791667,right,5,middle_pip,0.14295,0.09948,-0.04302,0.15066,0.07964,-0.10131
19,0.791667,right,6,middle_dip,0.13663,0.10291,-0.06612,0.14434,0.08307,-0.12439
19,0.791667,right,7,pinky_mcp,0.09025,0.06654,-0.03960,0.09796,0.04669,-0.09788
19,0.791667,right,8,pinky_pip,0.09969,0.07876,-0.05461,0.10740,0.05892,-0.11289
19,0.791667,right,9,pinky_dip,0.09749,0.08150,-0.07197,0.10521,0.06165,-0.13025
19,0.791667,right,10,ring_mcp,0.10499,0.08121,-0.03234,0.11271,0.06136,-0.09062
19,0.791667,right,11,ring_pip,0.12274,0.08429,-0.05279,0.13046,0.06444,-0.11108
19,0.791667,right,12,ring_dip,0.11455,0.08910,-0.07476,0.12226,0.06926,-0.13305
19,0.791667,right,13,thumb_cmc,0.04540,0.13063,-0.01139,0.05311,0.11079,-0.06968
19,0.791667,right,14,thumb_mcp,0.06496,0.14996,-0.02306,0.07267,0.13011,-0.08134
19,0.791667,right,15,thumb_ip,0.08088,0.16011,-0.03929,0.08860,0.14026,-0.09758
19,0.791667,right,16,index_tip,0.13559,0.12250,-0.07438,0.14330,0.10265,-0.13266
19,0.791667,right,17,middle_tip,0.10581,0.11425,-0.08048,0.11352,0.09441,-0.13876
19,0.791667,right,18,pinky_tip,0.08198,0.09025,-0.08100,0.08970,0.07040,-0.13928
19,0.791667,right,19,ring_tip,0.08747,0.10382,-0.07977,0.09518,0.08397,-0.13806
19,0.791667,right,20,thumb_tip,0.09247,0.17357,-0.06292,0.10019,0.15372,-0.12121
20,0.833333,right,0,wrist,0.02643,0.09874,0.00015,0.03419,0.07878,-0.05821
20,0.833333,right,1,index_mcp,0.11039,0.12674,-0.01952,0.11815,0.10677,-0.07787
20,0.833333,right,2,index_pip,0.13676,0.12091,-0.03447,0.14451,0.10094,-0.09282
20,0.833333,right,3,index_dip,0.13787,0.12222,-0.05466,0.14564,0.10226,-0.11302
20,0.833333,right,4,middle_mcp,0.11750,0.10358,-0.02525,0.12527,0.08362,-0.08361
20,0.833333,right,5,middle_pip,0.14299,0.09836,-0.04318,0.15076,0.07839,-0.10154
20,0.833333,right,6,middle_dip,0.13548,0.10176,-0.06598,0.14324,0.08179,-0.12434
20,0.833333,right,7,pinky_mcp,0.09048,0.06585,-0.03926,0.09824,0.04588,-0.09762
20,0.833333,right,8,pinky_pip,0.09908,0.07759,-0.05441,0.10684,0.05763,-0.11277
20,0.833333,right,9,pinky_dip,0.09507,0.08117,-0.07136,0.10282,0.06121,-0.12971
20,0.833333,right,10,ring_mcp,0.10521,0.08030,-0.03207,0.11296,0.06034,-0.09042
20,0.833333,right,11,ring_pip,0.12283,0.08306,-0.05260,0.13058,0.06310,-0.11096
20,0.833333,right,12,ring_dip,0.11226,0.08828,-0.07403,0.12002,0.06831,-0.13239
20,0.833333,right,13,thumb_cmc,0.04545,0.13018,-0.01132,0.05321,0.11023,-0.06967
20,0.833333,right,14,thumb_mcp,0.06510,0.14904,-0.02374,0.07287,0.12908,-0.08209
20,0.833333,right,15,thumb_ip,0.08104,0.15853,-0.04045,0.08880,0.13857,-0.09881
20,0.833333,right,16,index_tip,0.13387,0.12089,-0.07413,0.14163,0.10092,-0.13249
20,0.833333,right,17,middle_tip,0.10192,0.11273,-0.07615,0.10969,0.09277,-0.13451
20,0.833333,right,18,pinky_tip,0.07786,0.09018,-0.07734,0.08562,0.07021,-0.13569
20,0.833333,right,19,ring_tip,0.08365,0.10255,-0.07575,0.09141,0.08260,-0.13411
20,0.833333,right,20,thumb_tip,0.09307,0.17103,-0.06423,0.10083,0.15107,-0.12259
21,0.875000,right,0,wrist,0.02639,0.09824,0.00028,0.03416,0.07815,-0.05814
21,0.875000,right,1,index_mcp,0.11032,0.12572,-0.01993,0.11809,0.10563,-0.07835
21,0.875000,right,2,index_pip,0.13620,0.12022,-0.03553,0.14396,0.10013,-0.09396
21,0.875000,right,3,index_dip,0.13721,0.12105,-0.05622,0.14497,0.10096,-0.11464
21,0.875000,right,4,middle_mcp,0.11813,0.10328,-0.02576,0.12589,0.08319,-0.08418
21,0.875000,right,5,middle_pip,0.14258,0.09741,-0.04429,0.15034,0.07732,-0.10271
21,0.875000,right,6,middle_dip,0.13414,0.10068,-0.06664,0.14192,0.08059,-0.12506
21,0.875000,right,7,pinky_mcp,0.09052,0.06537,-0.03929,0.09828,0.04528,-0.09772
21,0.875000,right,8,pinky_pip,0.09830,0.07661,-0.05525,0.10607,0.05652,-0.11367
21,0.875000,right,9,pinky_dip,0.09238,0.08093,-0.07091,0.10015,0.06086,-0.12933
21,0.875000,right,10,ring_mcp,0.10449,0.08004,-0.03213,0.11226,0.05995,-0.09056
21,0.875000,right,11,ring_pip,0.12254,0.08206,-0.05320,0.13030,0.06197,-0.11162
21,0.875000,right,12,ring_dip,0.10971,0.08751,-0.07396,0.11746,0.06743,-0.13238
21,0.875000,right,13,thumb_cmc,0.04538,0.12984,-0.01132,0.05314,0.10975,-0.06974
21,0.875000,right,14,thumb_mcp,0.06455,0.14831,-0.02471,0.07231,0.12822,-0.08313
21,0.875000,right,15,thumb_ip,0.08036,0.15736,-0.04194,0.08813,0.13727,-0.10036
21,0.875000,right,16,index_tip,0.13182,0.11988,-0.07450,0.13958,0.09979,-0.13292
21,0.875000,right,17,middle_tip,0.09862,0.11141,-0.07355,0.10638,0.09132,-0.13197
21,0.875000,right,18,pinky_tip,0.07381,0.09011,-0.07496,0.08157,0.07002,-0.13338
21,0.875000,right,19,ring_tip,0.07995,0.10153,-0.07332,0.08772,0.08145,-0.13174
21,0.875000,right,20,thumb_tip,0.09288,0.16910,-0.06571,0.10065,0.14903,-0.12413
22,0.916667,right,0,wrist,0.02738,0.09898,-0.00003,0.03535,0.07896,-0.05868
22,0.916667,right,1,index_mcp,0.11023,0.12735,-0.02110,0.11821,0.10734,-0.07974
22,0.916667,right,2,index_pip,0.13568,0.12076,-0.03668,0.14365,0.10076,-0.09533
22,0.916667,right,3,index_dip,0.13790,0.12152,-0.05638,0.14586,0.10151,-0.11502
22,0.916667,right,4,middle_mcp,0.11975,0.10431,-0.02633,0.12772,0.08430,-0.08497
22,0.916667,right,5,middle_pip,0.14323,0.09814,-0.04395,0.15121,0.07813,-0.10259
22,0.916667,right,6,middle_dip,0.13535,0.10118,-0.06630,0.14332,0.08118,-0.12494
22,0.916667,right,7,pinky_mcp,0.09112,0.06582,-0.03866,0.09908,0.04581,-0.09731
22,0.916667,right,8,pinky_pip,0.09853,0.07804,-0.05639,0.10650,0.05803,-0.11503
22,0.916667,right,9,pinky_dip,0.09191,0.08192,-0.07144,0.09988,0.06191,-0.13008
22,0.916667,right,10,ring_mcp,0.10499,0.08160,-0.03191,0.11296,0.06158,-0.09055
22,0.916667,right,11,ring_pip,0.12330,0.08182,-0.05271,0.13127,0.06181,-0.11134
22,0.916667,right,12,ring_dip,0.11004,0.08820,-0.07259,0.11800,0.06820,-0.13124
22,0.916667,right,13,thumb_cmc,0.04610,0.13029,-0.01219,0.05406,0.11029,-0.07082
22,0.916667,right,14,thumb_mcp,0.06538,0.14682,-0.02663,0.07335,0.12682,-0.08527
22,0.916667,right,15,thumb_ip,0.08083,0.15578,-0.04397,0.08880,0.13578,-0.10261
22,0.916667,right,16,index_tip,0.13308,0.11905,-0.07414,0.14105,0.09904,-0.13278
22,0.916667,right,17,middle_tip,0.10176,0.11064,-0.07232,0.10972,0.09063,-0.13096
22,0.916667,right,18,pinky_tip,0.07196,0.08927,-0.07123,0.07992,0.06925,-0.12986
22,0.916667,right,19,ring_tip,0.08119,0.10109,-0.07237,0.08915,0.08109,-0.13102
22,0.916667,right,20,thumb_tip,0.09198,0.16808,-0.06829,0.09995,0.14807,-0.12693
23,0.958333,right,0,wrist,0.02672,0.09971,-0.00024,0.03460,0.07975,-0.05916
23,0.958333,right,1,index_mcp,0.11014,0.12812,-0.02182,0.11801,0.10817,-0.08073
23,0.958333,right,2,index_pip,0.13529,0.12018,-0.03681,0.14317,0.10023,-0.09573
23,0.958333,right,3,index_dip,0.13749,0.12098,-0.05593,0.14537,0.10103,-0.11485
23,0.958333,right,4,middle_mcp,0.11785,0.10470,-0.02630,0.12573,0.08474,-0.08522
23,0.958333,right,5,middle_pip,0.14267,0.09808,-0.04385,0.15055,0.07813,-0.10277
23,0.958333,right,6,middle_dip,0.13463,0.10090,-0.06616,0.14251,0.08095,-0.12507
23,0.958333,right,7,pinky_mcp,0.09020,0.06602,-0.03906,0.09808,0.04607,-0.09799
23,0.958333,right,8,pinky_pip,0.09688,0.07871,-0.05590,0.10476,0.05876,-0.11482
23,0.958333,right,9,pinky_dip,0.08891,0.08296,-0.07078,0.09679,0.06301,-0.12970
23,0.958333,right,10,ring_mcp,0.10484,0.08128,-0.03251,0.11272,0.06133,-0.09143
23,0.958333,right,11,ring_pip,0.12299,0.08182,-0.05270,0.13087,0.06187,-0.11162
23,0.958333,right,12,ring_dip,0.10769,0.08871,-0.07167,0.11557,0.06875,-0.13059
23,0.958333,right,13,thumb_cmc,0.04580,0.13074,-0.01278,0.05368,0.11079,-0.07170
23,0.958333,right,14,thumb_mcp,0.06474,0.14745,-0.02717,0.07262,0.12749,-0.08609
23,0.958333,right,15,thumb_ip,0.08037,0.15603,-0.04464,0.08824,0.13607,-0.10355
23,0.958333,right,16,index_tip,0.13284,0.11808,-0.07363,0.14072,0.09811,-0.13255
23,0.958333,right,17,middle_tip,0.09905,0.11080,-0.06945,0.10692,0.09084,-0.12837
23,0.958333,right,18,pinky_tip,0.06774,0.09018,-0.06611,0.07562,0.07023,-0.12503
23,0.958333,right,19,ring_tip,0.07787,0.10117,-0.06568,0.08575,0.08121,-0.12460
23,0.958333,right,20,thumb_tip,0.09164,0.16768,-0.06932,0.09952,0.14772,-0.12825
24,1.000000,right,0,wrist,0.02621,0.09963,-0.00031,0.03401,0.07963,-0.05934
24,1.000000,right,1,index_mcp,0.11033,0.12655,-0.02176,0.11813,0.10655,-0.08079
24,1.000000,right,2,index_pip,0.13516,0.11771,-0.03651,0.14296,0.09771,-0.09554
24,1.000000,right,3,index_dip,0.13741,0.11823,-0.05565,0.14520,0.09823,-0.11468
24,1.000000,right,4,middle_mcp,0.11743,0.10320,-0.02610,0.12523,0.08320,-0.08513
24,1.000000,right,5,middle_pip,0.14225,0.09575,-0.04342,0.15005,0.07575,-0.10245
24,1.000000,right,6,middle_dip,0.13412,0.09836,-0.06571,0.14192,0.07836,-0.12475
24,1.000000,right,7,pinky_mcp,0.08970,0.06476,-0.03875,0.09750,0.04475,-0.09779
24,1.000000,right,8,pinky_pip,0.09583,0.07743,-0.05542,0.10363,0.05744,-0.11445
24,1.000000,right,9,pinky_dip,0.08693,0.08194,-0.07006,0.09472,0.06194,-0.12910
24,1.000000,right,10,ring_mcp,0.10436,0.07981,-0.03227,0.11217,0.05981,-0.09131
24,1.000000,right,11,ring_pip,0.12264,0.07979,-0.05248,0.13043,0.05979,-0.11151
24,1.000000,right,12,ring_dip,0.10573,0.08716,-0.07037,0.11353,0.06715,-0.12941
24,1.000000,right,13,thumb_cmc,0.04570,0.13038,-0.01304,0.05350,0.11038,-0.07208
24,1.000000,right,14,thumb_mcp,0.06487,0.14670,-0.02776,0.07268,0.12670,-0.08679
24,1.000000,right,15,thumb_ip,0.08059,0.15458,-0.04561,0.08839,0.13458,-0.10465
24,1.000000,right,16,index_tip,0.13263,0.11524,-0.07293,0.14043,0.09524,-0.13196
24,1.000000,right,17,middle_tip,0.09809,0.10932,-0.06754,0.10588,0.08932,-0.12656
24,1.000000,right,18,pinky_tip,0.06520,0.08911,-0.06213,0.07300,0.06911,-0.12116
24,1.000000,right,19,ring_tip,0.07593,0.09977,-0.06047,0.08372,0.07977,-0.11950
24,1.000000,right,20,thumb_tip,0.09251,0.16510,-0.07041,0.10030,0.14511,-0.12944
25,1.041667,right,0,wrist,0.02589,0.09910,-0.00054,0.03360,0.07907,-0.05942
25,1.041667,right,1,index_mcp,0.11030,0.12452,-0.02153,0.11802,0.10449,-0.08040
25,1.041667,right,2,index_pip,0.13497,0.11546,-0.03645,0.14268,0.09543,-0.09532
25,1.041667,right,3,index_dip,0.13723,0.11557,-0.05594,0.14494,0.09554,-0.11482
25,1.041667,right,4,middle_mcp,0.11815,0.10155,-0.02634,0.12587,0.08152,-0.08522
25,1.041667,right,5,middle_pip,0.14194,0.09342,-0.04351,0.14965,0.07338,-0.10238
25,1.041667,right,6,middle_dip,0.13363,0.09592,-0.06576,0.14135,0.07589,-0.12464
25,1.041667,right,7,pinky_mcp,0.08965,0.06351,-0.03852,0.09736,0.04347,-0.09739
25,1.041667,right,8,pinky_pip,0.09538,0.07602,-0.05566,0.10309,0.05599,-0.11454
25,1.041667,right,9,pinky_dip,0.08570,0.08066,-0.06997,0.09341,0.06062,-0.12885
25,1.041667,right,10,ring_mcp,0.10368,0.07874,-0.03205,0.11140,0.05870,-0.09093
25,1.041667,right,11,ring_pip,0.12230,0.07777,-0.05282,0.13001,0.05774,-0.11169
25,1.041667,right,12,ring_dip,0.10393,0.08560,-0.06960,0.11163,0.06557,-0.12847
25,1.041667,right,13,thumb_cmc,0.04549,0.12974,-0.01320,0.05320,0.10971,-0.07209
25,1.041667,right,14,thumb_mcp,0.06505,0.14561,-0.02840,0.07275,0.12558,-0.08727
25,1.041667,right,15,thumb_ip,0.08063,0.15286,-0.04678,0.08834,0.13283,-0.10566
25,1.041667,right,16,index_tip,0.13207,0.11287,-0.07268,0.13978,0.09284,-0.13155
25,1.041667,right,17,middle_tip,0.09819,0.10810,-0.06683,0.10591,0.08806,-0.12570
25,1.041667,right,18,pinky_tip,0.06383,0.08771,-0.05958,0.07155,0.06767,-0.11845
25,1.041667,right,19,ring_tip,0.07477,0.09864,-0.05696,0.08248,0.07861,-0.11583
25,1.041667,right,20,thumb_tip,0.09329,0.16228,-0.07147,0.10100,0.14225,-0.13034
26,1.083333,right,0,wrist,0.02551,0.09994,-0.00040,0.03311,0.08018,-0.05891
26,1.083333,right,1,index_mcp,0.10962,0.12552,-0.02123,0.11721,0.10576,-0.07975
26,1.083333,right,2,index_pip,0.13548,0.11604,-0.03566,0.14308,0.09627,-0.09418
26,1.083333,right,3,index_dip,0.13702,0.11698,-0.05560,0.14463,0.09722,-0.11411
26,1.083333,right,4,middle_mcp,0.11825,0.10188,-0.02620,0.12586,0.08212,-0.08472
26,1.083333,right,5,middle_pip,0.14133,0.09469,-0.04215,0.14892,0.07492,-0.10065
26,1.083333,right,6,middle_dip,0.13356,0.09726,-0.06509,0.14116,0.07750,-0.12361
26,1.083333,right,7,pinky_mcp,0.08840,0.06395,-0.03786,0.09600,0.04419,-0.09637
26,1.083333,right,8,pinky_pip,0.09499,0.07659,-0.05552,0.10260,0.05683,-0.11403
26,1.083333,right,9,pinky_dip,0.08627,0.08084,-0.06892,0.09387,0.06108,-0.12744
26,1.083333,right,10,ring_mcp,0.10294,0.07975,-0.03110,0.11054,0.05999,-0.08962
26,1.083333,right,11,ring_pip,0.12198,0.07722,-0.05138,0.12958,0.05746,-0.10989
26,1.083333,right,12,ring_dip,0.10443,0.08592,-0.06942,0.11203,0.06615,-0.12793
26,1.083333,right,13,thumb_cmc,0.04541,0.13026,-0.01330,0.05301,0.11050,-0.07182
26,1.083333,right,14,thumb_mcp,0.06501,0.14613,-0.02873,0.07261,0.12637,-0.08724
26,1.083333,right,15,thumb_ip,0.08045,0.15237,-0.04668,0.08804,0.13261,-0.10519
26,1.083333,right,16,index_tip,0.13306,0.11444,-0.07165,0.14067,0.09468,-0.13016
26,1.083333,right,17,middle_tip,0.10082,0.10880,-0.06768,0.10842,0.08904,-0.12619
26,1.083333,right,18,pinky_tip,0.06454,0.08914,-0.06083,0.07213,0.06938,-0.11934
26,1.083333,right,19,ring_tip,0.07389,0.09829,-0.05771,0.08149,0.07853,-0.11622
26,1.083333,right,20,thumb_tip,0.09320,0.16100,-0.07220,0.10079,0.14124,-0.13071
27,1.125000,right,0,wrist,0.02610,0.09961,0.00007,0.03375,0.07996,-0.05782
27,1.125000,right,1,index_mcp,0.11087,0.12450,-0.02115,0.11851,0.10485,-0.07903
27,1.125000,right,2,index_pip,0.13645,0.11440,-0.03484,0.14409,0.09476,-0.09274
27,1.125000,right,3,index_dip,0.13805,0.11512,-0.05466,0.14569,0.09548,-0.11254
27,1.125000,right,4,middle_mcp,0.11753,0.10051,-0.02492,0.12517,0.08086,-0.08281
27,1.125000,right,5,middle_pip,0.14189,0.09284,-0.04141,0.14952,0.07320,-0.09930
27,1.125000,right,6,middle_dip,0.13403,0.09501,-0.06394,0.14166,0.07536,-0.12182
27,1.125000,right,7,pinky_mcp,0.08881,0.06256,-0.03691,0.09644,0.04291,-0.09481
27,1.125000,right,8,pinky_pip,0.09522,0.07491,-0.05400,0.10286,0.05526,-0.11189
27,1.125000,right,9,pinky_dip,0.08648,0.07927,-0.06809,0.09412,0.05962,-0.12599
27,1.125000,right,10,ring_mcp,0.10380,0.07769,-0.03039,0.11143,0.05805,-0.08828
27,1.125000,right,11,ring_pip,0.12278,0.07552,-0.05028,0.13041,0.05588,-0.10817
27,1.125000,right,12,ring_dip,0.10508,0.08392,-0.06771,0.11272,0.06428,-0.12560
27,1.125000,right,13,thumb_cmc,0.04620,0.12964,-0.01317,0.05384,0.10999,-0.07107
27,1.125000,right,14,thumb_mcp,0.06632,0.14454,-0.02919,0.07395,0.12490,-0.08709
27,1.125000,right,15,thumb_ip,0.08198,0.15001,-0.04710,0.08961,0.13036,-0.10500
27,1.125000,right,16,index_tip,0.13371,0.11190,-0.07073,0.14135,0.09225,-0.12863
27,1.125000,right,17,middle_tip,0.10086,0.10638,-0.06556,0.10850,0.08674,-0.12345
27,1.125000,right,18,pinky_tip,0.06518,0.08768,-0.05846,0.07281,0.06803,-0.11634
27,1.125000,right,19,ring_tip,0.07572,0.09583,-0.05587,0.08336,0.07619,-0.11376
27,1.125000,right,20,thumb_tip,0.09558,0.15770,-0.07211,0.10323,0.13805,-0.13000
28,1.166667,right,0,wrist,0.02659,0.09858,0.00037,0.03424,0.07895,-0.05691
28,1.166667,right,1,index_mcp,0.11179,0.12278,-0.02089,0.11944,0.10314,-0.07817
28,1.166667,right,2,index_pip,0.13706,0.11278,-0.03447,0.14471,0.09314,-0.09174
28,1.166667,right,3,index_dip,0.13870,0.11319,-0.05445,0.14635,0.09355,-0.11173
28,1.166667,right,4,middle_mcp,0.11799,0.09887,-0.02430,0.12563,0.07924,-0.08158
28,1.166667,right,5,middle_pip,0.14224,0.09084,-0.04118,0.14990,0.07119,-0.09846
28,1.166667,right,6,middle_dip,0.13395,0.09286,-0.06352,0.14160,0.07322,-0.12080
28,1.166667,right,7,pinky_mcp,0.08971,0.06082,-0.03610,0.09736,0.04117,-0.09339
28,1.166667,right,8,pinky_pip,0.09558,0.07290,-0.05311,0.10323,0.05326,-0.11038
28,1.166667,right,9,pinky_dip,0.08668,0.07744,-0.06724,0.09433,0.05781,-0.12452
28,1.166667,right,10,ring_mcp,0.10453,0.07577,-0.02988,0.11219,0.05613,-0.08716
28,1.166667,right,11,ring_pip,0.12347,0.07370,-0.04980,0.13112,0.05406,-0.10708
28,1.166667,right,12,ring_dip,0.10547,0.08178,-0.06636,0.11312,0.06215,-0.12365
28,1.166667,right,13,thumb_cmc,0.04679,0.12853,-0.01311,0.05444,0.10889,-0.07039
28,1.166667,right,14,thumb_mcp,0.06702,0.14272,-0.02975,0.07467,0.12309,-0.08704
28,1.166667,right,15,thumb_ip,0.08285,0.14753,-0.04773,0.09050,0.12789,-0.10501
28,1.166667,right,16,index_tip,0.13395,0.10953,-0.07019,0.14160,0.08989,-0.12747
28,1.166667,right,17,middle_tip,0.10125,0.10394,-0.06429,0.10890,0.08430,-0.12157
28,1.166667,right,18,pinky_tip,0.06584,0.08567,-0.05702,0.07350,0.06604,-0.11430
28,1.166667,right,19,ring_tip,0.07693,0.09351,-0.05518,0.08457,0.07388,-0.11245
28,1.166667,right,20,thumb_tip,0.09743,0.15403,-0.07232,0.10508,0.13440,-0.12960
29,1.208333,right,0,wrist,0.02702,0.09743,0.00038,0.03469,0.07775,-0.05644
29,1.208333,right,1,index_mcp,0.11244,0.12055,-0.02052,0.12010,0.10087,-0.07734
29,1.208333,right,2,index_pip,0.13754,0.11086,-0.03449,0.14521,0.09117,-0.09132
29,1.208333,right,3,index_dip,0.13929,0.11082,-0.05471,0.14696,0.09113,-0.11153
29,1.208333,right,4,middle_mcp,0.11965,0.09685,-0.02420,0.12732,0.07716,-0.08102
29,1.208333,right,5,middle_pip,0.14263,0.08848,-0.04121,0.15030,0.06879,-0.09803
29,1.208333,right,6,middle_dip,0.13380,0.09054,-0.06368,0.14147,0.07086,-0.12050
29,1.208333,right,7,pinky_mcp,0.09065,0.05892,-0.03531,0.09831,0.03923,-0.09213
29,1.208333,right,8,pinky_pip,0.09619,0.07069,-0.05279,0.10386,0.05100,-0.10961
29,1.208333,right,9,pinky_dip,0.08705,0.07533,-0.06645,0.09472,0.05565,-0.12327
29,1.208333,right,10,ring_mcp,0.10485,0.07408,-0.02934,0.11252,0.05439,-0.08616
29,1.208333,right,11,ring_pip,0.12404,0.07153,-0.04964,0.13171,0.05185,-0.10646
29,1.208333,right,12,ring_dip,0.10568,0.07945,-0.06562,0.11335,0.05976,-0.12244
29,1.208333,right,13,thumb_cmc,0.04758,0.12721,-0.01330,0.05523,0.10753,-0.07012
29,1.208333,right,14,thumb_mcp,0.06755,0.14092,-0.03041,0.07521,0.12123,-0.08723
29,1.208333,right,15,thumb_ip,0.08351,0.14514,-0.04850,0.09118,0.12545,-0.10532
29,1.208333,right,16,index_tip,0.13420,0.10712,-0.07004,0.14187,0.08744,-0.12686
29,1.208333,right,17,middle_tip,0.10229,0.10156,-0.06400,0.10996,0.08187,-0.12082
29,1.208333,right,18,pinky_tip,0.06663,0.08336,-0.05672,0.07429,0.06368,-0.11354
29,1.208333,right,19,ring_tip,0.07762,0.09148,-0.05558,0.08529,0.07180,-0.11240
29,1.208333,right,20,thumb_tip,0.09888,0.15058,-0.07287,0.10655,0.13089,-0.12969
30,1.250000,right,0,wrist,0.02581,0.09889,-0.00080,0.03321,0.07959,-0.05744
30,1.250000,right,1,index_mcp,0.11067,0.12197,-0.02217,0.11807,0.10267,-0.07883
30,1.250000,right,2,index_pip,0.13690,0.11312,-0.03568,0.14430,0.09383,-0.09234
30,1.250000,right,3,index_dip,0.13852,0.11262,-0.05531,0.14592,0.09332,-0.11196
30,1.250000,right,4,middle_mcp,0.11860,0.09783,-0.02610,0.12600,0.07853,-0.08276
30,1.250000,right,5,middle_pip,0.14156,0.08993,-0.04373,0.14895,0.07063,-0.10039
30,1.250000,right,6,middle_dip,0.13250,0.09188,-0.06537,0.13991,0.07258,-0.12202
30,1.250000,right,7,pinky_mcp,0.08781,0.05990,-0.03720,0.09521,0.04060,-0.09386
30,1.250000,right,8,pinky_pip,0.09429,0.07364,-0.05537,0.10169,0.05433,-0.11203
30,1.250000,right,9,pinky_dip,0.08640,0.07728,-0.06842,0.09380,0.05798,-0.12508
30,1.250000,right,10,ring_mcp,0.10289,0.07528,-0.03141,0.11028,0.05599,-0.08807
30,1.250000,right,11,ring_pip,0.12189,0.07319,-0.05110,0.12930,0.05389,-0.10776
30,1.250000,right,12,ring_dip,0.10586,0.08028,-0.06817,0.11327,0.06099,-0.12483
30,1.250000,right,13,thumb_cmc,0.04637,0.12851,-0.01418,0.05376,0.10921,-0.07084
30,1.250000,right,14,thumb_mcp,0.06663,0.14195,-0.03105,0.07403,0.12266,-0.08771
30,1.250000,right,15,thumb_ip,0.08304,0.14437,-0.04907,0.09044,0.12506,-0.10573
30,1.250000,right,16,index_tip,0.13332,0.10981,-0.07188,0.14072,0.09052,-0.12853
30,1.250000,right,17,middle_tip,0.10269,0.10352,-0.06488,0.11009,0.08423,-0.12154
30,1.250000,right,18,pinky_tip,0.06411,0.08785,-0.05759,0.07152,0.06856,-0.11425
30,1.250000,right,19,ring_tip,0.07648,0.09418,-0.05705,0.08388,0.07488,-0.11370
30,1.250000,right,20,thumb_tip,0.09683,0.15088,-0.07353,0.10424,0.13157,-0.13019
31,1.291667,right,0,wrist,0.02664,0.09908,0.00028,0.03418,0.07985,-0.05607
31,1.291667,right,1,index_mcp,0.11176,0.12232,-0.02146,0.11931,0.10309,-0.07781
31,1.291667,right,2,index_pip,0.13739,0.11386,-0.03494,0.14493,0.09464,-0.09129
31,1.291667,right,3,index_dip,0.13905,0.11335,-0.05448,0.14657,0.09413,-0.11083
31,1.291667,right,4,middle_mcp,0.11798,0.09822,-0.02497,0.12552,0.07900,-0.08132
31,1.291667,right,5,middle_pip,0.14230,0.09050,-0.04286,0.14984,0.07127,-0.09920
31,1.291667,right,6,middle_dip,0.13216,0.09245,-0.06423,0.13969,0.07323,-0.12058
31,1.291667,right,7,pinky_mcp,0.08873,0.06035,-0.03648,0.09627,0.04113,-0.09283
31,1.291667,right,8,pinky_pip,0.09504,0.07356,-0.05358,0.10258,0.05433,-0.10993
31,1.291667,right,9,pinky_dip,0.08660,0.07762,-0.06696,0.09413,0.05839,-0.12331
31,1.291667,right,10,ring_mcp,0.10403,0.07557,-0.03020,0.11156,0.05634,-0.08655
31,1.291667,right,11,ring_pip,0.12292,0.07354,-0.05007,0.13046,0.05432,-0.10642
31,1.291667,right,12,ring_dip,0.10623,0.08063,-0.06632,0.11376,0.06139,-0.12267
31,1.291667,right,13,thumb_cmc,0.04688,0.12879,-0.01327,0.05442,0.10956,-0.06962
31,1.291667,right,14,thumb_mcp,0.06774,0.14191,-0.03001,0.07527,0.12269,-0.08635
31,1.291667,right,15,thumb_ip,0.08429,0.14393,-0.04815,0.09181,0.12470,-0.10450
31,1.291667,right,16,index_tip,0.13274,0.11040,-0.07034,0.14027,0.09117,-0.12669
31,1.291667,right,17,middle_tip,0.10220,0.10410,-0.06347,0.10974,0.08488,-0.11981
31,1.291667,right,18,pinky_tip,0.06495,0.08786,-0.05524,0.07248,0.06864,-0.11158
31,1.291667,right,19,ring_tip,0.07773,0.09371,-0.05456,0.08527,0.07449,-0.11091
31,1.291667,right,20,thumb_tip,0.09860,0.14988,-0.07229,0.10612,0.13065,-0.12863
32,1.333333,right,0,wrist,0.02715,0.09876,0.00038,0.03475,0.07955,-0.05572
32,1.333333,right,1,index_mcp,0.11257,0.12162,-0.02116,0.12016,0.10242,-0.07726
32,1.333333,right,2,index_pip,0.13782,0.11362,-0.03490,0.14541,0.09442,-0.09100
32,1.333333,right,3,index_dip,0.13936,0.11307,-0.05469,0.14696,0.09386,-0.11079
32,1.333333,right,4,middle_mcp,0.11845,0.09782,-0.02471,0.12605,0.07862,-0.08081
32,1.333333,right,5,middle_pip,0.14267,0.08991,-0.04268,0.15026,0.07071,-0.09878
32,1.333333,right,6,middle_dip,0.13180,0.09211,-0.06394,0.13940,0.07291,-0.12004
32,1.333333,right,7,pinky_mcp,0.08993,0.06020,-0.03630,0.09752,0.04100,-0.09239
32,1.333333,right,8,pinky_pip,0.09564,0.07276,-0.05299,0.10323,0.05356,-0.10909
32,1.333333,right,9,pinky_dip,0.08693,0.07705,-0.06659,0.09452,0.05785,-0.12269
32,1.333333,right,10,ring_mcp,0.10471,0.07514,-0.02979,0.11230,0.05594,-0.08589
32,1.333333,right,11,ring_pip,0.12346,0.07313,-0.05006,0.13105,0.05392,-0.10615
32,1.333333,right,12,ring_dip,0.10624,0.08023,-0.06545,0.11383,0.06102,-0.12155
32,1.333333,right,13,thumb_cmc,0.04749,0.12848,-0.01328,0.05508,0.10927,-0.06938
32,1.333333,right,14,thumb_mcp,0.06835,0.14130,-0.03011,0.07595,0.12210,-0.08621
32,1.333333,right,15,thumb_ip,0.08496,0.14304,-0.04839,0.09255,0.12384,-0.10449
32,1.333333,right,16,index_tip,0.13210,0.11008,-0.06987,0.13970,0.09087,-0.12597
32,1.333333,right,17,middle_tip,0.10215,0.10390,-0.06326,0.10974,0.08470,-0.11936
32,1.333333,right,18,pinky_tip,0.06561,0.08713,-0.05440,0.07320,0.06793,-0.11050
32,1.333333,right,19,ring_tip,0.07837,0.09294,-0.05367,0.08597,0.07374,-0.10977
32,1.333333,right,20,thumb_tip,0.09968,0.14838,-0.07251,0.10727,0.12917,-0.12861
33,1.375000,right,0,wrist,0.02749,0.09812,-0.00011,0.03511,0.07889,-0.05608
33,1.375000,right,1,index_mcp,0.11308,0.12065,-0.02100,0.12071,0.10140,-0.07696
33,1.375000,right,2,index_pip,0.13815,0.11322,-0.03537,0.14578,0.09397,-0.09133
33,1.375000,right,3,index_dip,0.13937,0.11268,-0.05558,0.14700,0.09343,-0.11155
33,1.375000,right,4,middle_mcp,0.11975,0.09724,-0.02497,0.12737,0.07800,-0.08095
33,1.375000,right,5,middle_pip,0.14281,0.08912,-0.04315,0.15044,0.06988,-0.09912
33,1.375000,right,6,middle_dip,0.13136,0.09183,-0.06439,0.13898,0.07258,-0.12035
33,1.375000,right,7,pinky_mcp,0.09107,0.05986,-0.03637,0.09869,0.04063,-0.09233
33,1.375000,right,8,pinky_pip,0.09622,0.07195,-0.05334,0.10385,0.05271,-0.10931
33,1.375000,right,9,pinky_dip,0.08740,0.07634,-0.06711,0.09501,0.05710,-0.12308
33,1.375000,right,10,ring_mcp,0.10519,0.07461,-0.03001,0.11282,0.05538,-0.08597
33,1.375000,right,11,ring_pip,0.12370,0.07271,-0.05095,0.13133,0.05347,-0.10693
33,1.375000,right,12,ring_dip,0.10597,0.07988,-0.06541,0.11358,0.06064,-0.12138
33,1.375000,right,13,thumb_cmc,0.04810,0.12789,-0.01362,0.05573,0.10866,-0.06958
33,1.375000,right,14,thumb_mcp,0.06857,0.14049,-0.03074,0.07619,0.12125,-0.08670
33,1.375000,right,15,thumb_ip,0.08519,0.14215,-0.04915,0.09280,0.12291,-0.10513
33,1.375000,right,16,index_tip,0.13123,0.10982,-0.07027,0.13885,0.09058,-0.12624
33,1.375000,right,17,middle_tip,0.10223,0.10373,-0.06380,0.10986,0.08448,-0.11976
33,1.375000,right,18,pinky_tip,0.06630,0.08623,-0.05467,0.07392,0.06699,-0.11064
33,1.375000,right,19,ring_tip,0.07859,0.09230,-0.05378,0.08621,0.07307,-0.10975
33,1.375000,right,20,thumb_tip,0.10012,0.14698,-0.07353,0.10775,0.12775,-0.12950
34,1.416667,right,0,wrist,0.02784,0.09977,-0.00021,0.03553,0.08082,-0.05621
34,1.416667,right,1,index_mcp,0.11300,0.12435,-0.02038,0.12069,0.10539,-0.07640
34,1.416667,right,2,index_pip,0.13836,0.11631,-0.03439,0.14604,0.09736,-0.09041
34,1.416667,right,3,index_dip,0.13973,0.11604,-0.05384,0.14741,0.09708,-0.10986
34,1.416667,right,4,middle_mcp,0.12027,0.10063,-0.02371,0.12795,0.08167,-0.07972
34,1.416667,right,5,middle_pip,0.14443,0.09334,-0.04259,0.15212,0.07439,-0.09859
34,1.416667,right,6,middle_dip,0.13139,0.09559,-0.06288,0.13907,0.07664,-0.11889
34,1.416667,right,7,pinky_mcp,0.09209,0.06229,-0.03564,0.09977,0.04333,-0.09164
34,1.416667,right,8,pinky_pip,0.09758,0.07576,-0.05226,0.10527,0.05680,-0.10827
34,1.416667,right,9,pinky_dip,0.08812,0.07984,-0.06650,0.09582,0.06088,-0.12251
34,1.416667,right,10,ring_mcp,0.10604,0.07753,-0.02877,0.11372,0.05858,-0.08478
34,1.416667,right,11,ring_pip,0.12478,0.07654,-0.04930,0.13247,0.05759,-0.10531
34,1.416667,right,12,ring_dip,0.10669,0.08389,-0.06240,0.11438,0.06493,-0.11840
34,1.416667,right,13,thumb_cmc,0.04803,0.12992,-0.01386,0.05571,0.11097,-0.06987
34,1.416667,right,14,thumb_mcp,0.06848,0.14295,-0.03099,0.07616,0.12400,-0.08700
34,1.416667,right,15,thumb_ip,0.08489,0.14321,-0.04898,0.09259,0.12425,-0.10500
34,1.416667,right,16,index_tip,0.12951,0.11509,-0.06872,0.13719,0.09612,-0.12473
34,1.416667,right,17,middle_tip,0.10264,0.10756,-0.06049,0.11032,0.08861,-0.11649
34,1.416667,right,18,pinky_tip,0.06861,0.08836,-0.05255,0.07631,0.06941,-0.10855
34,1.416667,right,19,ring_tip,0.08017,0.09564,-0.05166,0.08786,0.07668,-0.10768
34,1.416667,right,20,thumb_tip,0.09948,0.14699,-0.07283,0.10716,0.12802,-0.12884
35,1.458333,right,0,wrist,0.02773,0.09911,-0.00013,0.03539,0.08005,-0.05609
35,1.458333,right,1,index_mcp,0.11236,0.12416,-0.01926,0.12002,0.10510,-0.07522
35,1.458333,right,2,index_pip,0.13826,0.11774,-0.03381,0.14592,0.09868,-0.08977
35,1.458333,right,3,index_dip,0.14056,0.11841,-0.05361,0.14822,0.09935,-0.10957
35,1.458333,right,4,middle_mcp,0.12104,0.10055,-0.02347,0.12870,0.08149,-0.07943
35,1.458333,right,5,middle_pip,0.14346,0.09424,-0.04219,0.15113,0.07518,-0.09814
35,1.458333,right,6,middle_dip,0.13142,0.09775,-0.06182,0.13909,0.07869,-0.11778
35,1.458333,right,7,pinky_mcp,0.09136,0.06264,-0.03594,0.09902,0.04357,-0.09189
35,1.458333,right,8,pinky_pip,0.09766,0.07726,-0.05276,0.10532,0.05820,-0.10872
35,1.458333,right,9,pinky_dip,0.08920,0.08174,-0.06629,0.09686,0.06269,-0.12225
35,1.458333,right,10,ring_mcp,0.10563,0.07848,-0.02882,0.11329,0.05941,-0.08478
35,1.458333,right,11,ring_pip,0.12453,0.07694,-0.04932,0.13220,0.05787,-0.10528
35,1.458333,right,12,ring_dip,0.10639,0.08496,-0.06356,0.11405,0.06591,-0.11951
35,1.458333,right,13,thumb_cmc,0.04791,0.12941,-0.01219,0.05557,0.11034,-0.06814
35,1.458333,right,14,thumb_mcp,0.06822,0.14314,-0.02918,0.07588,0.12409,-0.08514
35,1.458333,right,15,thumb_ip,0.08460,0.14754,-0.04708,0.09227,0.12848,-0.10303
35,1.458333,right,16,index_tip,0.12984,0.11774,-0.06785,0.13751,0.09868,-0.12381
35,1.458333,right,17,middle_tip,0.10227,0.11014,-0.06133,0.10993,0.09108,-0.11729
35,1.458333,right,18,pinky_tip,0.06311,0.09318,-0.05150,0.07078,0.07411,-0.10746
35,1.458333,right,19,ring_tip,0.08000,0.09772,-0.05298,0.08767,0.07867,-0.10893
35,1.458333,right,20,thumb_tip,0.09879,0.15022,-0.07326,0.10646,0.13115,-0.12921
36,1.500000,right,0,wrist,0.02822,0.09927,0.00062,0.03601,0.08015,-0.05545
36,1.500000,right,1,index_mcp,0.11326,0.12556,-0.01797,0.12105,0.10644,-0.07404
36,1.500000,right,2,index_pip,0.13884,0.11924,-0.03230,0.14662,0.10012,-0.08836
36,1.500000,right,3,index_dip,0.14010,0.12044,-0.05219,0.14789,0.10133,-0.10825
36,1.500000,right,4,middle_mcp,0.12032,0.10164,-0.02188,0.12810,0.08252,-0.07795
36,1.500000,right,5,middle_pip,0.14424,0.09589,-0.04077,0.15202,0.07677,-0.09684
36,1.500000,right,6,middle_dip,0.13185,0.09929,-0.06032,0.13963,0.08018,-0.11639
36,1.500000,right,7,pinky_mcp,0.09236,0.06339,-0.03517,0.10014,0.04428,-0.09123
36,1.500000,right,8,pinky_pip,0.09829,0.07822,-0.05062,0.10607,0.05909,-0.10670
36,1.500000,right,9,pinky_dip,0.08907,0.08310,-0.06410,0.09685,0.06399,-0.12017
36,1.500000,right,10,ring_mcp,0.10709,0.07847,-0.02819,0.11487,0.05935,-0.08426
36,1.500000,right,11,ring_pip,0.12591,0.07826,-0.04763,0.13370,0.05914,-0.10369
36,1.500000,right,12,ring_dip,0.10690,0.08663,-0.06111,0.11468,0.06751,-0.11718
36,1.500000,right,13,thumb_cmc,0.04804,0.12957,-0.01152,0.05583,0.11046,-0.06760
36,1.500000,right,14,thumb_mcp,0.06841,0.14381,-0.02797,0.07619,0.12470,-0.08403
36,1.500000,right,15,thumb_ip,0.08498,0.14813,-0.04577,0.09277,0.12902,-0.10184
36,1.500000,right,16,index_tip,0.12958,0.11950,-0.06597,0.13737,0.10039,-0.12204
36,1.500000,right,17,middle_tip,0.10124,0.11135,-0.05894,0.10902,0.09223,-0.11501
36,1.500000,right,18,pinky_tip,0.06340,0.09410,-0.04842,0.07119,0.07498,-0.10449
36,1.500000,right,19,ring_tip,0.08045,0.09885,-0.05021,0.08823,0.07974,-0.10628
36,1.500000,right,20,thumb_tip,0.09942,0.14997,-0.07227,0.10720,0.13085,-0.12834
37,1.541667,right,0,wrist,0.02858,0.09828,0.00068,0.03648,0.07884,-0.05581
37,1.541667,right,1,index_mcp,0.11397,0.12415,-0.01753,0.12187,0.10470,-0.07402
37,1.541667,right,2,index_pip,0.13930,0.11809,-0.03214,0.14721,0.09864,-0.08863
37,1.541667,right,3,index_dip,0.14000,0.11930,-0.05228,0.14790,0.09986,-0.10877
37,1.541667,right,4,middle_mcp,0.12070,0.10032,-0.02140,0.12861,0.08088,-0.07789
37,1.541667,right,5,middle_pip,0.14458,0.09424,-0.04044,0.15248,0.07480,-0.09693
37,1.541667,right,6,middle_dip,0.13176,0.09780,-0.05995,0.13966,0.07836,-0.11644
37,1.541667,right,7,pinky_mcp,0.09327,0.06214,-0.03473,0.10117,0.04270,-0.09123
37,1.541667,right,8,pinky_pip,0.09888,0.07663,-0.05002,0.10679,0.05719,-0.10651
37,1.541667,right,9,pinky_dip,0.08901,0.08166,-0.06366,0.09691,0.06222,-0.12015
37,1.541667,right,10,ring_mcp,0.10780,0.07684,-0.02798,0.11570,0.05740,-0.08448
37,1.541667,right,11,ring_pip,0.12654,0.07699,-0.04713,0.13444,0.05755,-0.10362
37,1.541667,right,12,ring_dip,0.10675,0.08572,-0.05956,0.11465,0.06627,-0.11605
37,1.541667,right,13,thumb_cmc,0.04843,0.12857,-0.01156,0.05634,0.10913,-0.06806
37,1.541667,right,14,thumb_mcp,0.06887,0.14267,-0.02798,0.07678,0.12323,-0.08447
37,1.541667,right,15,thumb_ip,0.08545,0.14661,-0.04597,0.09335,0.12717,-0.10246
37,1.541667,right,16,index_tip,0.12891,0.11862,-0.06544,0.13681,0.09918,-0.12193
37,1.541667,right,17,middle_tip,0.10048,0.11023,-0.05837,0.10839,0.09078,-0.11486
37,1.541667,right,18,pinky_tip,0.06388,0.09270,-0.04744,0.07178,0.07325,-0.10393
37,1.541667,right,19,ring_tip,0.08073,0.09764,-0.04858,0.08863,0.07820,-0.10507
37,1.541667,right,20,thumb_tip,0.10042,0.14683,-0.07271,0.10833,0.12740,-0.12920
38,1.583333,right,0,wrist,0.02905,0.09693,0.00044,0.03714,0.07699,-0.05681
38,1.583333,right,1,index_mcp,0.11444,0.12222,-0.01725,0.12253,0.10229,-0.07451
38,1.583333,right,2,index_pip,0.13965,0.11677,-0.03256,0.14774,0.09684,-0.08982
38,1.583333,right,3,index_dip,0.14027,0.11780,-0.05299,0.14837,0.09786,-0.11025
38,1.583333,right,4,middle_mcp,0.12216,0.09883,-0.02154,0.13025,0.07890,-0.07880
38,1.583333,right,5,middle_pip,0.14492,0.09227,-0.04073,0.15301,0.07234,-0.09799
38,1.583333,right,6,middle_dip,0.13165,0.09620,-0.06027,0.13974,0.07626,-0.11752
38,1.583333,right,7,pinky_mcp,0.09435,0.06083,-0.03466,0.10244,0.04089,-0.09192
38,1.583333,right,8,pinky_pip,0.09987,0.07494,-0.05064,0.10796,0.05501,-0.10789
38,1.583333,right,9,pinky_dip,0.08943,0.07991,-0.06441,0.09752,0.05998,-0.12167
38,1.583333,right,10,ring_mcp,0.10817,0.07573,-0.02792,0.11626,0.05580,-0.08519
38,1.583333,right,11,ring_pip,0.12698,0.07567,-0.04754,0.13506,0.05574,-0.10480
38,1.583333,right,12,ring_dip,0.10648,0.08465,-0.05895,0.11457,0.06471,-0.11621
38,1.583333,right,13,thumb_cmc,0.04918,0.12752,-0.01148,0.05727,0.10758,-0.06874
38,1.583333,right,14,thumb_mcp,0.06929,0.14134,-0.02820,0.07738,0.12141,-0.08545
38,1.583333,right,15,thumb_ip,0.08568,0.14507,-0.04653,0.09377,0.12513,-0.10378
38,1.583333,right,16,index_tip,0.12811,0.11778,-0.06559,0.13620,0.09785,-0.12285
38,1.583333,right,17,middle_tip,0.10037,0.10916,-0.05888,0.10846,0.08923,-0.11613
38,1.583333,right,18,pinky_tip,0.06473,0.09092,-0.04798,0.07282,0.07099,-0.10524
38,1.583333,right,19,ring_tip,0.08107,0.09626,-0.04782,0.08915,0.07632,-0.10507
38,1.583333,right,20,thumb_tip,0.10134,0.14387,-0.07326,0.10943,0.12394,-0.13053
39,1.625000,right,0,wrist,0.02816,0.09669,-0.00125,0.03618,0.07651,-0.05946
39,1.625000,right,1,index_mcp,0.11317,0.12244,-0.01927,0.12120,0.10224,-0.07748
39,1.625000,right,2,index_pip,0.13838,0.11694,-0.03454,0.14639,0.09674,-0.09275
39,1.625000,right,3,index_dip,0.13805,0.11802,-0.05476,0.14606,0.09782,-0.11297
39,1.625000,right,4,middle_mcp,0.12162,0.09865,-0.02348,0.12965,0.07846,-0.08169
39,1.625000,right,5,middle_pip,0.14372,0.09187,-0.04285,0.15174,0.07167,-0.10106
39,1.625000,right,6,middle_dip,0.13128,0.09574,-0.06262,0.13931,0.07554,-0.12083
39,1.625000,right,7,pinky_mcp,0.09260,0.06078,-0.03591,0.10062,0.04059,-0.09412
39,1.625000,right,8,pinky_pip,0.09856,0.07455,-0.05336,0.10658,0.05436,-0.11157
39,1.625000,right,9,pinky_dip,0.08949,0.08022,-0.06624,0.09751,0.06003,-0.12445
39,1.625000,right,10,ring_mcp,0.10669,0.07609,-0.02931,0.11471,0.05589,-0.08752
39,1.625000,right,11,ring_pip,0.12548,0.07601,-0.04898,0.13350,0.05581,-0.10719
39,1.625000,right,12,ring_dip,0.10664,0.08413,-0.06207,0.11466,0.06393,-0.12028
39,1.625000,right,13,thumb_cmc,0.04860,0.12679,-0.01368,0.05662,0.10660,-0.07188
39,1.625000,right,14,thumb_mcp,0.06916,0.14075,-0.02982,0.07717,0.12056,-0.08803
39,1.625000,right,15,thumb_ip,0.08527,0.14346,-0.04816,0.09329,0.12326,-0.10637
39,1.625000,right,16,index_tip,0.12747,0.11961,-0.06725,0.13550,0.09941,-0.12546
39,1.625000,right,17,middle_tip,0.09917,0.11003,-0.06146,0.10718,0.08983,-0.11967
39,1.625000,right,18,pinky_tip,0.06586,0.08893,-0.05027,0.07388,0.06872,-0.10848
39,1.625000,right,19,ring_tip,0.07787,0.09738,-0.05069,0.08589,0.07718,-0.10890
39,1.625000,right,20,thumb_tip,0.10120,0.14080,-0.07546,0.10922,0.12060,-0.13367
40,1.666667,right,0,wrist,0.02814,0.09653,-0.00049,0.03626,0.07604,-0.05928
40,1.666667,right,1,index_mcp,0.11319,0.12302,-0.01844,0.12131,0.10255,-0.07725
40,1.666667,right,2,index_pip,0.13808,0.11772,-0.03371,0.14620,0.09723,-0.09250
40,1.666667,right,3,index_dip,0.13697,0.11871,-0.05378,0.14508,0.09823,-0.11258
40,1.666667,right,4,middle_mcp,0.12044,0.09919,-0.02208,0.12856,0.07871,-0.08088
40,1.666667,right,5,middle_pip,0.14406,0.09286,-0.04152,0.15217,0.07237,-0.10032
40,1.666667,right,6,middle_dip,0.13085,0.09627,-0.06121,0.13897,0.07578,-0.12001
40,1.666667,right,7,pinky_mcp,0.09296,0.06071,-0.03506,0.10108,0.04023,-0.09386
40,1.666667,right,8,pinky_pip,0.09862,0.07507,-0.05190,0.10674,0.05459,-0.11069
40,1.666667,right,9,pinky_dip,0.08898,0.08078,-0.06411,0.09710,0.06029,-0.12291
40,1.666667,right,10,ring_mcp,0.10730,0.07604,-0.02831,0.11542,0.05555,-0.08710
40,1.666667,right,11,ring_pip,0.12588,0.07668,-0.04802,0.13399,0.05620,-0.10681
40,1.666667,right,12,ring_dip,0.10607,0.08539,-0.05954,0.11418,0.06491,-0.11833
40,1.666667,right,13,thumb_cmc,0.04833,0.12665,-0.01305,0.05645,0.10617,-0.07185
40,1.666667,right,14,thumb_mcp,0.06867,0.14079,-0.02921,0.07678,0.12031,-0.08800
40,1.666667,right,15,thumb_ip,0.08499,0.14299,-0.04764,0.09311,0.12251,-0.10643
40,1.666667,right,16,index_tip,0.12550,0.12014,-0.06560,0.13362,0.09965,-0.12440
40,1.666667,right,17,middle_tip,0.09713,0.11034,-0.05936,0.10524,0.08986,-0.11816
40,1.666667,right,18,pinky_tip,0.06553,0.08912,-0.04865,0.07365,0.06864,-0.10745
40,1.666667,right,19,ring_tip,0.07744,0.09773,-0.04734,0.08556,0.07725,-0.10613
40,1.666667,right,20,thumb_tip,0.10140,0.13946,-0.07474,0.10951,0.11897,-0.13353
41,1.708333,right,0,wrist,0.02820,0.09562,-0.00026,0.03635,0.07491,-0.05919
41,1.708333,right,1,index_mcp,0.11343,0.12228,-0.01782,0.12159,0.10158,-0.07676
41,1.708333,right,2,index_pip,0.13789,0.11730,-0.03356,0.14605,0.09658,-0.09250
41,1.708333,right,3,index_dip,0.13605,0.11811,-0.05381,0.14421,0.09739,-0.11275
41,1.708333,right,4,middle_mcp,0.12056,0.09858,-0.02140,0.12871,0.07786,-0.08034
41,1.708333,right,5,middle_pip,0.14402,0.09233,-0.04114,0.15217,0.07163,-0.10008
41,1.708333,right,6,middle_dip,0.12991,0.09567,-0.06075,0.13806,0.07496,-0.11968
41,1.708333,right,7,pinky_mcp,0.09364,0.05980,-0.03467,0.10179,0.03908,-0.09361
41,1.708333,right,8,pinky_pip,0.09854,0.07460,-0.05109,0.10669,0.05389,-0.11003
41,1.708333,right,9,pinky_dip,0.08872,0.08019,-0.06339,0.09687,0.05948,-0.12232
41,1.708333,right,10,ring_mcp,0.10781,0.07528,-0.02774,0.11597,0.05456,-0.08668
41,1.708333,right,11,ring_pip,0.12614,0.07640,-0.04766,0.13430,0.05569,-0.10659
41,1.708333,right,12,ring_dip,0.10438,0.08558,-0.05721,0.11254,0.06487,-0.11614
41,1.708333,right,13,thumb_cmc,0.04837,0.12582,-0.01279,0.05653,0.10511,-0.07172
41,1.708333,right,14,thumb_mcp,0.06856,0.13989,-0.02913,0.07672,0.11917,-0.08807
41,1.708333,right,15,thumb_ip,0.08480,0.14166,-0.04782,0.09295,0.12095,-0.10676
41,1.708333,right,16,index_tip,0.12369,0.11960,-0.06476,0.13185,0.09888,-0.12370
41,1.708333,right,17,middle_tip,0.09572,0.10952,-0.05772,0.10389,0.08881,-0.11666
41,1.708333,right,18,pinky_tip,0.06527,0.08848,-0.04786,0.07342,0.06777,-0.10680
41,1.708333,right,19,ring_tip,0.07685,0.09712,-0.04491,0.08501,0.07641,-0.10385
41,1.708333,right,20,thumb_tip,0.10170,0.13712,-0.07478,0.10986,0.11640,-0.13372
42,1.750000,right,0,wrist,0.02845,0.09426,-0.00041,0.03663,0.07337,-0.05917
42,1.750000,right,1,index_mcp,0.11377,0.12113,-0.01728,0.12195,0.10024,-0.07604
42,1.750000,right,2,index_pip,0.13780,0.11668,-0.03388,0.14598,0.09578,-0.09264
42,1.750000,right,3,index_dip,0.13531,0.11733,-0.05452,0.14348,0.09644,-0.11328
42,1.750000,right,4,middle_mcp,0.12189,0.09766,-0.02127,0.13008,0.07677,-0.08003
42,1.750000,right,5,middle_pip,0.14389,0.09144,-0.04156,0.15206,0.07054,-0.10032
42,1.750000,right,6,middle_dip,0.12876,0.09504,-0.06110,0.13693,0.07414,-0.11986
42,1.750000,right,7,pinky_mcp,0.09467,0.05886,-0.03466,0.10284,0.03797,-0.09343
42,1.750000,right,8,pinky_pip,0.09859,0.07398,-0.05096,0.10677,0.05308,-0.10972
42,1.750000,right,9,pinky_dip,0.08883,0.07935,-0.06387,0.09700,0.05846,-0.12265
42,1.750000,right,10,ring_mcp,0.10831,0.07459,-0.02756,0.11648,0.05370,-0.08632
42,1.750000,right,11,ring_pip,0.12647,0.07608,-0.04786,0.13465,0.05518,-0.10662
42,1.750000,right,12,ring_dip,0.10210,0.08555,-0.05538,0.11027,0.06466,-0.11414
42,1.750000,right,13,thumb_cmc,0.04868,0.12464,-0.01265,0.05685,0.10374,-0.07141
42,1.750000,right,14,thumb_mcp,0.06867,0.13859,-0.02925,0.07684,0.11770,-0.08801
42,1.750000,right,15,thumb_ip,0.08459,0.14023,-0.04831,0.09276,0.11934,-0.10707
42,1.750000,right,16,index_tip,0.12216,0.11906,-0.06464,0.13034,0.09816,-0.12340
42,1.750000,right,17,middle_tip,0.09483,0.10849,-0.05647,0.10300,0.08759,-0.11523
42,1.750000,right,18,pinky_tip,0.06524,0.08762,-0.04778,0.07342,0.06672,-0.10654
42,1.750000,right,19,ring_tip,0.07621,0.09622,-0.04321,0.08438,0.07533,-0.10198
42,1.750000,right,20,thumb_tip,0.10193,0.13484,-0.07530,0.11010,0.11394,-0.13406
43,1.791667,right,0,wrist,0.02841,0.09437,0.00023,0.03655,0.07354,-0.05831
43,1.791667,right,1,index_mcp,0.11293,0.12169,-0.01597,0.12108,0.10085,-0.07451
43,1.791667,right,2,index_pip,0.13733,0.11808,-0.03397,0.14548,0.09724,-0.09252
43,1.791667,right,3,index_dip,0.13222,0.11968,-0.05408,0.14037,0.09885,-0.11263
43,1.791667,right,4,middle_mcp,0.12186,0.09821,-0.02091,0.13001,0.07738,-0.07945
43,1.791667,right,5,middle_pip,0.14270,0.09261,-0.04205,0.15085,0.07178,-0.10059
43,1.791667,right,6,middle_dip,0.12775,0.09658,-0.06106,0.13590,0.07575,-0.11961
43,1.791667,right,7,pinky_mcp,0.09377,0.06010,-0.03444,0.10191,0.03927,-0.09298
43,1.791667,right,8,pinky_pip,0.09875,0.07508,-0.05104,0.10690,0.05425,-0.10958
43,1.791667,right,9,pinky_dip,0.09010,0.08009,-0.06303,0.09825,0.05926,-0.12158
43,1.791667,right,10,ring_mcp,0.10743,0.07596,-0.02713,0.11559,0.05512,-0.08568
43,1.791667,right,11,ring_pip,0.12571,0.07711,-0.04825,0.13386,0.05627,-0.10680
43,1.791667,right,12,ring_dip,0.10136,0.08531,-0.05633,0.10951,0.06448,-0.11487
43,1.791667,right,13,thumb_cmc,0.04827,0.12523,-0.01095,0.05642,0.10440,-0.06950
43,1.791667,right,14,thumb_mcp,0.06912,0.13857,-0.02788,0.07727,0.11774,-0.08643
43,1.791667,right,15,thumb_ip,0.08404,0.14106,-0.04789,0.09219,0.12023,-0.10644
43,1.791667,right,16,index_tip,0.11897,0.12013,-0.06318,0.12712,0.09929,-0.12172
43,1.791667,right,17,middle_tip,0.09432,0.10859,-0.05576,0.10247,0.08775,-0.11430
43,1.791667,right,18,pinky_tip,0.06754,0.08666,-0.04732,0.07569,0.06582,-0.10586
43,1.791667,right,19,ring_tip,0.07342,0.09896,-0.04046,0.08157,0.07813,-0.09900
43,1.791667,right,20,thumb_tip,0.10120,0.13356,-0.07491,0.10934,0.11273,-0.13345
44,1.833333,right,0,wrist,0.02792,0.09278,0.00017,0.03595,0.07174,-0.05817
44,1.833333,right,1,index_mcp,0.11243,0.12145,-0.01621,0.12046,0.10040,-0.07455
44,1.833333,right,2,index_pip,0.13628,0.11814,-0.03403,0.14431,0.09710,-0.09236
44,1.833333,right,3,index_dip,0.13099,0.11991,-0.05404,0.13903,0.09886,-0.11238
44,1.833333,right,4,middle_mcp,0.12015,0.09775,-0.02071,0.12818,0.07669,-0.07904
44,1.833333,right,5,middle_pip,0.14196,0.09321,-0.04246,0.14998,0.07216,-0.10081
44,1.833333,right,6,middle_dip,0.12686,0.09693,-0.06115,0.13489,0.07588,-0.11948
44,1.833333,right,7,pinky_mcp,0.09353,0.05938,-0.03527,0.10156,0.03833,-0.09362
44,1.833333,right,8,pinky_pip,0.09829,0.07439,-0.05137,0.10632,0.05335,-0.10971
44,1.833333,right,9,pinky_dip,0.08900,0.07984,-0.06286,0.09703,0.05880,-0.12119
44,1.833333,right,10,ring_mcp,0.10758,0.07466,-0.02777,0.11560,0.05361,-0.08610
44,1.833333,right,11,ring_pip,0.12527,0.07744,-0.04887,0.13329,0.05639,-0.10720
44,1.833333,right,12,ring_dip,0.10178,0.08582,-0.05663,0.10981,0.06478,-0.11496
44,1.833333,right,13,thumb_cmc,0.04739,0.12376,-0.01106,0.05542,0.10271,-0.06940
44,1.833333,right,14,thumb_mcp,0.06817,0.13764,-0.02750,0.07620,0.11658,-0.08583
44,1.833333,right,15,thumb_ip,0.08316,0.14008,-0.04765,0.09119,0.11902,-0.10598
44,1.833333,right,16,index_tip,0.11725,0.12000,-0.06283,0.12528,0.09895,-0.12116
44,1.833333,right,17,middle_tip,0.09299,0.10831,-0.05677,0.10101,0.08726,-0.11511
44,1.833333,right,18,pinky_tip,0.06718,0.08608,-0.04726,0.07521,0.06502,-0.10559
44,1.833333,right,19,ring_tip,0.07338,0.09781,-0.03990,0.08141,0.07677,-0.09823
44,1.833333,right,20,thumb_tip,0.10057,0.13212,-0.07460,0.10860,0.11108,-0.13294
45,1.875000,right,0,wrist,0.02775,0.09011,0.00041,0.03575,0.06856,-0.05789
45,1.875000,right,1,index_mcp,0.11242,0.11933,-0.01565,0.12042,0.09778,-0.07395
45,1.875000,right,2,index_pip,0.13545,0.11684,-0.03409,0.14345,0.09530,-0.09240
45,1.875000,right,3,index_dip,0.13006,0.11874,-0.05427,0.13807,0.09720,-0.11258
45,1.875000,right,4,middle_mcp,0.11986,0.09602,-0.02042,0.12786,0.07449,-0.07872
45,1.875000,right,5,middle_pip,0.14141,0.09216,-0.04284,0.14942,0.07062,-0.10115
45,1.875000,right,6,middle_dip,0.12607,0.09607,-0.06138,0.13408,0.07452,-0.11969
45,1.875000,right,7,pinky_mcp,0.09395,0.05769,-0.03588,0.10195,0.03614,-0.09418
45,1.875000,right,8,pinky_pip,0.09817,0.07232,-0.05157,0.10618,0.05078,-0.10987
45,1.875000,right,9,pinky_dip,0.08874,0.07815,-0.06294,0.09674,0.05660,-0.12125
45,1.875000,right,10,ring_mcp,0.10783,0.07260,-0.02813,0.11584,0.05107,-0.08643
45,1.875000,right,11,ring_pip,0.12489,0.07674,-0.04945,0.13288,0.05520,-0.10775
45,1.875000,right,12,ring_dip,0.10159,0.08522,-0.05660,0.10960,0.06368,-0.11491
45,1.875000,right,13,thumb_cmc,0.04690,0.12144,-0.01046,0.05489,0.09989,-0.06876
45,1.875000,right,14,thumb_mcp,0.06749,0.13559,-0.02681,0.07549,0.11405,-0.08511
45,1.875000,right,15,thumb_ip,0.08238,0.13806,-0.04721,0.09039,0.11651,-0.10551
45,1.875000,right,16,index_tip,0.11608,0.11851,-0.06248,0.12408,0.09697,-0.12078
45,1.875000,right,17,middle_tip,0.09314,0.10719,-0.05867,0.10115,0.08564,-0.11697
45,1.875000,right,18,pinky_tip,0.06724,0.08431,-0.04760,0.07524,0.06276,-0.10591
45,1.875000,right,19,ring_tip,0.07366,0.09579,-0.03991,0.08166,0.07425,-0.09822
45,1.875000,right,20,thumb_tip,0.10021,0.12936,-0.07417,0.10822,0.10782,-0.13247
46,1.916667,right,0,wrist,0.02818,0.08746,0.00094,0.03631,0.06531,-0.05761
46,1.916667,right,1,index_mcp,0.11277,0.11707,-0.01404,0.12090,0.09490,-0.07259
46,1.916667,right,2,index_pip,0.13521,0.11595,-0.03371,0.14334,0.09379,-0.09226
46,1.916667,right,3,index_dip,0.12973,0.11819,-0.05407,0.13786,0.09603,-0.11262
46,1.916667,right,4,middle_mcp,0.12117,0.09462,-0.01993,0.12929,0.07246,-0.07848
46,1.916667,right,5,middle_pip,0.14154,0.09137,-0.04301,0.14967,0.06920,-0.10156
46,1.916667,right,6,middle_dip,0.12585,0.09601,-0.06155,0.13399,0.07385,-0.12010
46,1.916667,right,7,pinky_mcp,0.09510,0.05656,-0.03622,0.10322,0.03440,-0.09478
46,1.916667,right,8,pinky_pip,0.09871,0.07119,-0.05178,0.10684,0.04904,-0.11034
46,1.916667,right,9,pinky_dip,0.08957,0.07721,-0.06339,0.09771,0.05505,-0.12193
46,1.916667,right,10,ring_mcp,0.10811,0.07161,-0.02813,0.11623,0.04946,-0.08668
46,1.916667,right,11,ring_pip,0.12499,0.07662,-0.04996,0.13311,0.05446,-0.10850
46,1.916667,right,12,ring_dip,0.10113,0.08508,-0.05636,0.10926,0.06292,-0.11492
46,1.916667,right,13,thumb_cmc,0.04725,0.11941,-0.00883,0.05538,0.09725,-0.06738
46,1.916667,right,14,thumb_mcp,0.06739,0.13389,-0.02524,0.07551,0.11172,-0.08380
46,1.916667,right,15,thumb_ip,0.08201,0.13685,-0.04585,0.09014,0.11470,-0.10441
46,1.916667,right,16,index_tip,0.11588,0.11792,-0.06182,0.12402,0.09576,-0.12037
46,1.916667,right,17,middle_tip,0.09436,0.10708,-0.06006,0.10250,0.08492,-0.11860
46,1.916667,right,18,pinky_tip,0.06791,0.08313,-0.04822,0.07603,0.06097,-0.10677
46,1.916667,right,19,ring_tip,0.07438,0.09459,-0.04023,0.08250,0.07243,-0.09877
46,1.916667,right,20,thumb_tip,0.10014,0.12809,-0.07314,0.10826,0.10592,-0.13169
47,1.958333,right,0,wrist,0.02770,0.08639,-0.00142,0.03574,0.06402,-0.06044
47,1.958333,right,1,index_mcp,0.11115,0.11768,-0.01501,0.11920,0.09530,-0.07404
47,1.958333,right,2,index_pip,0.13426,0.11748,-0.03560,0.14230,0.09510,-0.09463
47,1.958333,right,3,index_dip,0.12951,0.12045,-0.05541,0.13755,0.09808,-0.11444
47,1.958333,right,4,middle_mcp,0.12130,0.09518,-0.02133,0.12934,0.07281,-0.08036
47,1.958333,right,5,middle_pip,0.14048,0.09284,-0.04446,0.14852,0.07047,-0.10349
47,1.958333,right,6,middle_dip,0.12683,0.09820,-0.06386,0.13487,0.07582,-0.12289
47,1.958333,right,7,pinky_mcp,0.09431,0.05752,-0.03832,0.10235,0.03515,-0.09735
47,1.958333,right,8,pinky_pip,0.09880,0.07264,-0.05405,0.10683,0.05027,-0.11308
47,1.958333,right,9,pinky_dip,0.09051,0.07702,-0.06510,0.09855,0.05465,-0.12413
47,1.958333,right,10,ring_mcp,0.10766,0.07236,-0.03026,0.11570,0.04999,-0.08928
47,1.958333,right,11,ring_pip,0.12420,0.07772,-0.05176,0.13224,0.05535,-0.11079
47,1.958333,right,12,ring_dip,0.09975,0.08792,-0.05950,0.10779,0.06555,-0.11853
47,1.958333,right,13,thumb_cmc,0.04631,0.11867,-0.01045,0.05435,0.09630,-0.06948
47,1.958333,right,14,thumb_mcp,0.06646,0.13350,-0.02681,0.07451,0.11112,-0.08584
47,1.958333,right,15,thumb_ip,0.08100,0.13654,-0.04625,0.08904,0.11417,-0.10527
47,1.958333,right,16,index_tip,0.11518,0.11908,-0.06568,0.12323,0.09671,-0.12470
47,1.958333,right,17,middle_tip,0.09347,0.10765,-0.06439,0.10152,0.08527,-0.12341
47,1.958333,right,18,pinky_tip,0.06537,0.08386,-0.05054,0.07342,0.06148,-0.10956
47,1.958333,right,19,ring_tip,0.07070,0.09481,-0.04622,0.07875,0.07243,-0.10525
47,1.958333,right,20,thumb_tip,0.09826,0.12840,-0.07499,0.10631,0.10603,-0.13402
48,2.000000,right,0,wrist,0.02832,0.08444,-0.00091,0.03648,0.06170,-0.05986
48,2.000000,right,1,index_mcp,0.11149,0.11822,-0.01265,0.11965,0.09548,-0.07161
48,2.000000,right,2,index_pip,0.13414,0.11981,-0.03257,0.14230,0.09706,-0.09152
48,2.000000,right,3,index_dip,0.12941,0.12345,-0.05261,0.13757,0.10071,-0.11156
48,2.000000,right,4,middle_mcp,0.12077,0.09570,-0.01930,0.12893,0.07297,-0.07826
48,2.000000,right,5,middle_pip,0.14079,0.09569,-0.04277,0.14895,0.07296,-0.10172
48,2.000000,right,6,middle_dip,0.12828,0.10080,-0.06174,0.13645,0.07806,-0.12070
48,2.000000,right,7,pinky_mcp,0.09589,0.05802,-0.03806,0.10405,0.03528,-0.09701
48,2.000000,right,8,pinky_pip,0.10056,0.07250,-0.05310,0.10872,0.04976,-0.11206
48,2.000000,right,9,pinky_dip,0.09287,0.07748,-0.06504,0.10103,0.05474,-0.12399
48,2.000000,right,10,ring_mcp,0.10924,0.07301,-0.02880,0.11740,0.05027,-0.08776
48,2.000000,right,11,ring_pip,0.12570,0.07964,-0.05019,0.13386,0.05689,-0.10915
48,2.000000,right,12,ring_dip,0.10212,0.08895,-0.06039,0.11027,0.06622,-0.11935
48,2.000000,right,13,thumb_cmc,0.04634,0.11742,-0.00860,0.05450,0.09468,-0.06756
48,2.000000,right,14,thumb_mcp,0.06616,0.13315,-0.02421,0.07432,0.11041,-0.08316
48,2.000000,right,15,thumb_ip,0.08102,0.13640,-0.04417,0.08918,0.11366,-0.10312
48,2.000000,right,16,index_tip,0.11623,0.12169,-0.06370,0.12440,0.09896,-0.12266
48,2.000000,right,17,middle_tip,0.09575,0.10954,-0.06482,0.10391,0.08680,-0.12379
48,2.000000,right,18,pinky_tip,0.06828,0.08485,-0.05196,0.07645,0.06210,-0.11092
48,2.000000,right,19,ring_tip,0.07381,0.09493,-0.05030,0.08198,0.07218,-0.10926
48,2.000000,right,20,thumb_tip,0.09908,0.12963,-0.07204,0.10725,0.10689,-0.13101
49,2.041667,right,0,wrist,0.02884,0.08244,-0.00070,0.03700,0.05961,-0.05891
49,2.041667,right,1,index_mcp,0.11165,0.11840,-0.00999,0.11981,0.09557,-0.06821
49,2.041667,right,2,index_pip,0.13392,0.12207,-0.02963,0.14207,0.09924,-0.08784
49,2.041667,right,3,index_dip,0.12953,0.12644,-0.04982,0.13769,0.10361,-0.10803
49,2.041667,right,4,middle_mcp,0.12124,0.09653,-0.01733,0.12940,0.07370,-0.07555
49,2.041667,right,5,middle_pip,0.14102,0.09867,-0.04103,0.14918,0.07584,-0.09925
49,2.041667,right,6,middle_dip,0.12963,0.10414,-0.05995,0.13779,0.08132,-0.11817
49,2.041667,right,7,pinky_mcp,0.09801,0.05880,-0.03781,0.10616,0.03597,-0.09603
49,2.041667,right,8,pinky_pip,0.10275,0.07284,-0.05307,0.11091,0.05000,-0.11128
49,2.041667,right,9,pinky_dip,0.09569,0.07836,-0.06536,0.10385,0.05553,-0.12358
49,2.041667,right,10,ring_mcp,0.11057,0.07389,-0.02761,0.11873,0.05106,-0.08583
49,2.041667,right,11,ring_pip,0.12714,0.08174,-0.04869,0.13530,0.05890,-0.10690
49,2.041667,right,12,ring_dip,0.10611,0.09044,-0.06139,0.11427,0.06761,-0.11960
49,2.041667,right,13,thumb_cmc,0.04631,0.11612,-0.00685,0.05446,0.09329,-0.06506
49,2.041667,right,14,thumb_mcp,0.06562,0.13283,-0.02169,0.07378,0.10999,-0.07991
49,2.041667,right,15,thumb_ip,0.08057,0.13690,-0.04187,0.08872,0.11407,-0.10009
49,2.041667,right,16,index_tip,0.11703,0.12480,-0.06126,0.12519,0.10197,-0.11948
49,2.041667,right,17,middle_tip,0.09902,0.11215,-0.06540,0.10718,0.08931,-0.12361
49,2.041667,right,18,pinky_tip,0.07191,0.08625,-0.05495,0.08007,0.06342,-0.11317
49,2.041667,right,19,ring_tip,0.07875,0.09670,-0.05536,0.08690,0.07386,-0.11357
49,2.041667,right,20,thumb_tip,0.09977,0.13115,-0.06909,0.10793,0.10833,-0.12731
50,2.083333,right,0,wrist,0.02923,0.08016,-0.00103,0.03724,0.05754,-0.05773
50,2.083333,right,1,index_mcp,0.11159,0.11782,-0.00717,0.11959,0.09519,-0.06386
50,2.083333,right,2,index_pip,0.13371,0.12361,-0.02677,0.14172,0.10099,-0.08346
50,2.083333,right,3,index_dip,0.12988,0.12875,-0.04693,0.13789,0.10613,-0.10364
50,2.083333,right,4,middle_mcp,0.12238,0.09707,-0.01528,0.13038,0.07445,-0.07198
50,2.083333,right,5,middle_pip,0.14127,0.10118,-0.03917,0.14927,0.07856,-0.09586
50,2.083333,right,6,middle_dip,0.13105,0.10754,-0.05825,0.13906,0.08492,-0.11495
50,2.083333,right,7,pinky_mcp,0.10011,0.05948,-0.03746,0.10811,0.03686,-0.09415
50,2.083333,right,8,pinky_pip,0.10517,0.07320,-0.05348,0.11318,0.05059,-0.11017
50,2.083333,right,9,pinky_dip,0.09896,0.07931,-0.06596,0.10697,0.05668,-0.12266
50,2.083333,right,10,ring_mcp,0.11163,0.07454,-0.02665,0.11965,0.05192,-0.08336
50,2.083333,right,11,ring_pip,0.12861,0.08337,-0.04719,0.13661,0.06075,-0.10389
50,2.083333,right,12,ring_dip,0.11151,0.09206,-0.06215,0.11952,0.06944,-0.11885
50,2.083333,right,13,thumb_cmc,0.04611,0.11447,-0.00544,0.05411,0.09186,-0.06213
50,2.083333,right,14,thumb_mcp,0.06511,0.13205,-0.01942,0.07312,0.10943,-0.07613
50,2.083333,right,15,thumb_ip,0.08005,0.13729,-0.03951,0.08807,0.11468,-0.09620
50,2.083333,right,16,index_tip,0.11784,0.12765,-0.05850,0.12586,0.10503,-0.11520
50,2.083333,right,17,middle_tip,0.10293,0.11463,-0.06568,0.11094,0.09201,-0.12239
50,2.083333,right,18,pinky_tip,0.07631,0.08759,-0.05924,0.08432,0.06497,-0.11593
50,2.083333,right,19,ring_tip,0.08510,0.09882,-0.06089,0.09311,0.07620,-0.11760
50,2.083333,right,20,thumb_tip,0.10050,0.13246,-0.06626,0.10852,0.10984,-0.12295
51,2.125000,right,0,wrist,0.02834,0.07805,-0.00109,0.03586,0.05600,-0.05546
51,2.125000,right,1,index_mcp,0.11079,0.11575,-0.00560,0.11831,0.09372,-0.05995
51,2.125000,right,2,index_pip,0.13335,0.12128,-0.02525,0.14087,0.09924,-0.07962
51,2.125000,right,3,index_dip,0.13026,0.12710,-0.04492,0.13779,0.10505,-0.09928
51,2.125000,right,4,middle_mcp,0.12158,0.09448,-0.01428,0.12909,0.07244,-0.06864
51,2.125000,right,5,middle_pip,0.14102,0.09921,-0.03695,0.14854,0.07717,-0.09132
51,2.125000,right,6,middle_dip,0.13363,0.10584,-0.05633,0.14116,0.08381,-0.11070
51,2.125000,right,7,pinky_mcp,0.09887,0.05786,-0.03820,0.10639,0.03581,-0.09256
51,2.125000,right,8,pinky_pip,0.10439,0.07106,-0.05343,0.11192,0.04902,-0.10780
51,2.125000,right,9,pinky_dip,0.09917,0.07769,-0.06644,0.10670,0.05564,-0.12080
51,2.125000,right,10,ring_mcp,0.11067,0.07213,-0.02668,0.11819,0.05008,-0.08105
51,2.125000,right,11,ring_pip,0.12896,0.08177,-0.04628,0.13649,0.05972,-0.10065
51,2.125000,right,12,ring_dip,0.11443,0.09093,-0.06264,0.12196,0.06890,-0.11700
51,2.125000,right,13,thumb_cmc,0.04549,0.11217,-0.00514,0.05301,0.09012,-0.05949
51,2.125000,right,14,thumb_mcp,0.06516,0.12995,-0.01867,0.07269,0.10791,-0.07303
51,2.125000,right,15,thumb_ip,0.07984,0.13423,-0.03768,0.08737,0.11218,-0.09205
51,2.125000,right,16,index_tip,0.11891,0.12700,-0.05692,0.12643,0.10496,-0.11129
51,2.125000,right,17,middle_tip,0.10757,0.11356,-0.06567,0.11509,0.09152,-0.12004
51,2.125000,right,18,pinky_tip,0.08184,0.08375,-0.05963,0.08935,0.06171,-0.11400
51,2.125000,right,19,ring_tip,0.09015,0.09668,-0.06071,0.09767,0.07463,-0.11507
51,2.125000,right,20,thumb_tip,0.10068,0.13155,-0.06486,0.10821,0.10952,-0.11923
52,2.166667,right,0,wrist,0.02847,0.07225,-0.00163,0.03552,0.05074,-0.05250
52,2.166667,right,1,index_mcp,0.10797,0.11449,-0.00126,0.11502,0.09298,-0.05213
52,2.166667,right,2,index_pip,0.13162,0.12331,-0.01962,0.13867,0.10181,-0.07048
52,2.166667,right,3,index_dip,0.12982,0.13076,-0.03958,0.13687,0.10925,-0.09044
52,2.166667,right,4,middle_mcp,0.12110,0.09460,-0.01039,0.12816,0.07310,-0.06127
52,2.166667,right,5,middle_pip,0.14079,0.10187,-0.03162,0.14785,0.08036,-0.08249
52,2.166667,right,6,middle_dip,0.13537,0.10889,-0.05112,0.14241,0.08738,-0.10198
52,2.166667,right,7,pinky_mcp,0.10059,0.05801,-0.03614,0.10765,0.03650,-0.08702
52,2.166667,right,8,pinky_pip,0.10729,0.07153,-0.05154,0.11433,0.05002,-0.10241
52,2.166667,right,9,pinky_dip,0.10172,0.07796,-0.06521,0.10876,0.05645,-0.11607
52,2.166667,right,10,ring_mcp,0.11111,0.07292,-0.02420,0.11815,0.05142,-0.07507
52,2.166667,right,11,ring_pip,0.12947,0.08346,-0.04243,0.13652,0.06195,-0.09329
52,2.166667,right,12,ring_dip,0.11834,0.09259,-0.06050,0.12539,0.07109,-0.11136
52,2.166667,right,13,thumb_cmc,0.04359,0.10740,-0.00299,0.05064,0.08589,-0.05386
52,2.166667,right,14,thumb_mcp,0.06211,0.12676,-0.01565,0.06915,0.10525,-0.06651
52,2.166667,right,15,thumb_ip,0.07669,0.13475,-0.03371,0.08373,0.11324,-0.08458
52,2.166667,right,16,index_tip,0.11766,0.13059,-0.05315,0.12471,0.10908,-0.10402
52,2.166667,right,17,middle_tip,0.10734,0.11783,-0.06272,0.11438,0.09632,-0.11358
52,2.166667,right,18,pinky_tip,0.08329,0.08521,-0.06077,0.09033,0.06370,-0.11165
52,2.166667,right,19,ring_tip,0.09012,0.10008,-0.05998,0.09718,0.07857,-0.11085
52,2.166667,right,20,thumb_tip,0.09951,0.13167,-0.06217,0.10656,0.11016,-0.11304
53,2.208333,right,0,wrist,0.02818,0.06930,-0.00063,0.03463,0.04907,-0.04729
53,2.208333,right,1,index_mcp,0.10625,0.11478,0.00212,0.11269,0.09456,-0.04454
53,2.208333,right,2,index_pip,0.12966,0.12475,-0.01528,0.13610,0.10453,-0.06192
53,2.208333,right,3,index_dip,0.12842,0.13261,-0.03436,0.13486,0.11239,-0.08101
53,2.208333,right,4,middle_mcp,0.11901,0.09499,-0.00692,0.12546,0.07476,-0.05356
53,2.208333,right,5,middle_pip,0.14002,0.10352,-0.02724,0.14647,0.08331,-0.07388
53,2.208333,right,6,middle_dip,0.13524,0.11066,-0.04633,0.14168,0.09045,-0.09298
53,2.208333,right,7,pinky_mcp,0.10160,0.05842,-0.03415,0.10804,0.03819,-0.08079
53,2.208333,right,8,pinky_pip,0.10840,0.07211,-0.04807,0.11484,0.05189,-0.09472
53,2.208333,right,9,pinky_dip,0.10314,0.07902,-0.06180,0.10958,0.05880,-0.10845
53,2.208333,right,10,ring_mcp,0.11213,0.07299,-0.02149,0.11857,0.05276,-0.06813
53,2.208333,right,11,ring_pip,0.12982,0.08516,-0.03864,0.13627,0.06494,-0.08529
53,2.208333,right,12,ring_dip,0.11863,0.09461,-0.05649,0.12507,0.07439,-0.10314
53,2.208333,right,13,thumb_cmc,0.04226,0.10494,-0.00125,0.04870,0.08472,-0.04790
53,2.208333,right,14,thumb_mcp,0.06054,0.12498,-0.01276,0.06699,0.10476,-0.05940
53,2.208333,right,15,thumb_ip,0.07520,0.13359,-0.03070,0.08164,0.11338,-0.07735
53,2.208333,right,16,index_tip,0.11718,0.13199,-0.04865,0.12363,0.11177,-0.09530
53,2.208333,right,17,middle_tip,0.10675,0.11888,-0.05838,0.11319,0.09865,-0.10502
53,2.208333,right,18,pinky_tip,0.08419,0.08575,-0.05784,0.09064,0.06554,-0.10448
53,2.208333,right,19,ring_tip,0.08998,0.10101,-0.05600,0.09642,0.08079,-0.10264
53,2.208333,right,20,thumb_tip,0.09834,0.13274,-0.05839,0.10479,0.11253,-0.10505
54,2.250000,right,0,wrist,0.02785,0.06584,0.00006,0.03362,0.04719,-0.04183
54,2.250000,right,1,index_mcp,0.10290,0.11614,0.00630,0.10866,0.09750,-0.03559
54,2.250000,right,2,index_pip,0.12554,0.12855,-0.01009,0.13129,0.10989,-0.05197
54,2.250000,right,3,index_dip,0.12495,0.13697,-0.02879,0.13071,0.11832,-0.07068
54,2.250000,right,4,middle_mcp,0.11687,0.09768,-0.00289,0.12263,0.07904,-0.04477
54,2.250000,right,5,middle_pip,0.13793,0.10790,-0.02229,0.14369,0.08925,-0.06418
54,2.250000,right,6,middle_dip,0.13324,0.11547,-0.04117,0.13899,0.09682,-0.08306
54,2.250000,right,7,pinky_mcp,0.10309,0.06108,-0.03181,0.10884,0.04244,-0.07370
54,2.250000,right,8,pinky_pip,0.10923,0.07513,-0.04472,0.11498,0.05647,-0.08661
54,2.250000,right,9,pinky_dip,0.10383,0.08250,-0.05828,0.10958,0.06385,-0.10017
54,2.250000,right,10,ring_mcp,0.11211,0.07564,-0.01827,0.11786,0.05699,-0.06016
54,2.250000,right,11,ring_pip,0.12938,0.08968,-0.03443,0.13513,0.07103,-0.07632
54,2.250000,right,12,ring_dip,0.11770,0.09905,-0.05186,0.12346,0.08040,-0.09374
54,2.250000,right,13,thumb_cmc,0.03950,0.10241,0.00091,0.04525,0.08375,-0.04098
54,2.250000,right,14,thumb_mcp,0.05673,0.12380,-0.00958,0.06248,0.10515,-0.05147
54,2.250000,right,15,thumb_ip,0.07142,0.13377,-0.02707,0.07717,0.11512,-0.06895
54,2.250000,right,16,index_tip,0.11454,0.13601,-0.04345,0.12029,0.11736,-0.08533
54,2.250000,right,17,middle_tip,0.10509,0.12260,-0.05379,0.11084,0.10395,-0.09568
54,2.250000,right,18,pinky_tip,0.08432,0.08799,-0.05430,0.09007,0.06934,-0.09619
54,2.250000,right,19,ring_tip,0.08846,0.10375,-0.05186,0.09422,0.08510,-0.09374
54,2.250000,right,20,thumb_tip,0.09568,0.13549,-0.05364,0.10144,0.11684,-0.09553
55,2.291667,right,0,wrist,0.02771,0.06238,0.00033,0.03276,0.04551,-0.03660
55,2.291667,right,1,index_mcp,0.10156,0.11413,0.00840,0.10662,0.09727,-0.02853
55,2.291667,right,2,index_pip,0.12362,0.12783,-0.00771,0.12868,0.11096,-0.04465
55,2.291667,right,3,index_dip,0.12390,0.13640,-0.02648,0.12897,0.11953,-0.06341
55,2.291667,right,4,middle_mcp,0.11663,0.09677,-0.00072,0.12169,0.07990,-0.03766
55,2.291667,right,5,middle_pip,0.13722,0.10720,-0.01980,0.14228,0.09034,-0.05674
55,2.291667,right,6,middle_dip,0.13242,0.11508,-0.03884,0.13748,0.09822,-0.07577
55,2.291667,right,7,pinky_mcp,0.10400,0.06006,-0.03018,0.10907,0.04319,-0.06712
55,2.291667,right,8,pinky_pip,0.10973,0.07399,-0.04302,0.11479,0.05713,-0.07995
55,2.291667,right,9,pinky_dip,0.10417,0.08159,-0.05644,0.10923,0.06473,-0.09338
55,2.291667,right,10,ring_mcp,0.11152,0.07468,-0.01626,0.11657,0.05781,-0.05319
55,2.291667,right,11,ring_pip,0.12933,0.08921,-0.03214,0.13440,0.07235,-0.06908
55,2.291667,right,12,ring_dip,0.11722,0.09837,-0.04935,0.12227,0.08152,-0.08629
55,2.291667,right,13,thumb_cmc,0.03828,0.09934,0.00195,0.04334,0.08247,-0.03499
55,2.291667,right,14,thumb_mcp,0.05488,0.12113,-0.00845,0.05994,0.10426,-0.04538
55,2.291667,right,15,thumb_ip,0.06981,0.13160,-0.02570,0.07488,0.11474,-0.06264
55,2.291667,right,16,index_tip,0.11382,0.13538,-0.04114,0.11889,0.11851,-0.07808
55,2.291667,right,17,middle_tip,0.10530,0.12218,-0.05177,0.11036,0.10532,-0.08870
55,2.291667,right,18,pinky_tip,0.08442,0.08663,-0.05218,0.08948,0.06977,-0.08911
55,2.291667,right,19,ring_tip,0.08758,0.10273,-0.04988,0.09265,0.08586,-0.08682
55,2.291667,right,20,thumb_tip,0.09531,0.13402,-0.05122,0.10038,0.11715,-0.08815
56,2.333333,right,0,wrist,0.02989,0.05865,-0.00129,0.03446,0.04379,-0.03319
56,2.333333,right,1,index_mcp,0.10056,0.11383,0.00850,0.10514,0.09897,-0.02340
56,2.333333,right,2,index_pip,0.12257,0.12952,-0.00702,0.12713,0.11466,-0.03891
56,2.333333,right,3,index_dip,0.12270,0.13865,-0.02502,0.12727,0.12380,-0.05692
56,2.333333,right,4,middle_mcp,0.11760,0.09727,-0.00070,0.12217,0.08242,-0.03259
56,2.333333,right,5,middle_pip,0.13814,0.10876,-0.01867,0.14270,0.09390,-0.05057
56,2.333333,right,6,middle_dip,0.13310,0.11628,-0.03805,0.13767,0.10143,-0.06994
56,2.333333,right,7,pinky_mcp,0.10631,0.05912,-0.03059,0.11088,0.04426,-0.06249
56,2.333333,right,8,pinky_pip,0.11169,0.07574,-0.04213,0.11626,0.06088,-0.07401
56,2.333333,right,9,pinky_dip,0.10786,0.08090,-0.05596,0.11243,0.06606,-0.08786
56,2.333333,right,10,ring_mcp,0.11334,0.07494,-0.01662,0.11791,0.06008,-0.04851
56,2.333333,right,11,ring_pip,0.13150,0.08983,-0.03148,0.13606,0.07497,-0.06337
56,2.333333,right,12,ring_dip,0.11890,0.09971,-0.04851,0.12347,0.08485,-0.08040
56,2.333333,right,13,thumb_cmc,0.03868,0.09593,0.00071,0.04325,0.08108,-0.03119
56,2.333333,right,14,thumb_mcp,0.05474,0.11834,-0.00896,0.05931,0.10349,-0.04086
56,2.333333,right,15,thumb_ip,0.06952,0.12886,-0.02567,0.07408,0.11400,-0.05757
56,2.333333,right,16,index_tip,0.11392,0.13657,-0.04169,0.11848,0.12170,-0.07359
56,2.333333,right,17,middle_tip,0.10425,0.12268,-0.04990,0.10883,0.10782,-0.08179
56,2.333333,right,18,pinky_tip,0.08610,0.08593,-0.05123,0.09067,0.07107,-0.08313
56,2.333333,right,19,ring_tip,0.08788,0.10280,-0.05002,0.09245,0.08794,-0.08192
56,2.333333,right,20,thumb_tip,0.09530,0.13300,-0.05152,0.09986,0.11814,-0.08341
57,2.375000,right,0,wrist,0.03089,0.05520,0.00057,0.03484,0.04235,-0.02622
57,2.375000,right,1,index_mcp,0.09890,0.11380,0.01182,0.10284,0.10096,-0.01498
57,2.375000,right,2,index_pip,0.11987,0.13023,-0.00279,0.12382,0.11738,-0.02957
57,2.375000,right,3,index_dip,0.11996,0.13943,-0.02090,0.12390,0.12659,-0.04769
57,2.375000,right,4,middle_mcp,0.11596,0.09744,0.00287,0.11990,0.08460,-0.02392
57,2.375000,right,5,middle_pip,0.13730,0.11001,-0.01425,0.14124,0.09717,-0.04103
57,2.375000,right,6,middle_dip,0.13293,0.11714,-0.03334,0.13687,0.10430,-0.06012
57,2.375000,right,7,pinky_mcp,0.10772,0.05959,-0.02722,0.11166,0.04676,-0.05401
57,2.375000,right,8,pinky_pip,0.11287,0.07604,-0.03815,0.11682,0.06319,-0.06494
57,2.375000,right,9,pinky_dip,0.10910,0.08127,-0.05203,0.11304,0.06843,-0.07882
57,2.375000,right,10,ring_mcp,0.11397,0.07537,-0.01279,0.11791,0.06252,-0.03959
57,2.375000,right,11,ring_pip,0.13150,0.09123,-0.02742,0.13545,0.07838,-0.05421
57,2.375000,right,12,ring_dip,0.11865,0.10050,-0.04443,0.12260,0.08766,-0.07123
57,2.375000,right,13,thumb_cmc,0.03809,0.09285,0.00265,0.04204,0.08001,-0.02413
57,2.375000,right,14,thumb_mcp,0.05344,0.11596,-0.00650,0.05739,0.10311,-0.03328
57,2.375000,right,15,thumb_ip,0.06793,0.12696,-0.02286,0.07188,0.11411,-0.04964
57,2.375000,right,16,index_tip,0.11218,0.13696,-0.03729,0.11613,0.12413,-0.06408
57,2.375000,right,17,middle_tip,0.10318,0.12283,-0.04639,0.10713,0.10998,-0.07318
57,2.375000,right,18,pinky_tip,0.08671,0.08505,-0.04796,0.09065,0.07221,-0.07474
57,2.375000,right,19,ring_tip,0.08780,0.10199,-0.04657,0.09174,0.08915,-0.07335
57,2.375000,right,20,thumb_tip,0.09418,0.13265,-0.04767,0.09812,0.11981,-0.07445
58,2.416667,right,0,wrist,0.03163,0.05101,0.00082,0.03490,0.04021,-0.02108
58,2.416667,right,1,index_mcp,0.09794,0.11141,0.01346,0.10122,0.10063,-0.00842
58,2.416667,right,2,index_pip,0.11848,0.12844,-0.00062,0.12176,0.11764,-0.02250
58,2.416667,right,3,index_dip,0.11846,0.13792,-0.01881,0.12174,0.12714,-0.04069
58,2.416667,right,4,middle_mcp,0.11536,0.09572,0.00461,0.11863,0.08492,-0.01727
58,2.416667,right,5,middle_pip,0.13673,0.10879,-0.01203,0.13999,0.09801,-0.03392
58,2.416667,right,6,middle_dip,0.13254,0.11596,-0.03115,0.13582,0.10517,-0.05303
58,2.416667,right,7,pinky_mcp,0.10899,0.05826,-0.02573,0.11226,0.04747,-0.04762
58,2.416667,right,8,pinky_pip,0.11346,0.07439,-0.03648,0.11674,0.06360,-0.05836
58,2.416667,right,9,pinky_dip,0.10992,0.07990,-0.05016,0.11319,0.06910,-0.07206
58,2.416667,right,10,ring_mcp,0.11439,0.07366,-0.01115,0.11766,0.06286,-0.03303
58,2.416667,right,11,ring_pip,0.13144,0.09030,-0.02561,0.13471,0.07951,-0.04749
58,2.416667,right,12,ring_dip,0.11865,0.09930,-0.04231,0.12193,0.08851,-0.06420
58,2.416667,right,13,thumb_cmc,0.03774,0.08893,0.00326,0.04101,0.07814,-0.01863
58,2.416667,right,14,thumb_mcp,0.05247,0.11254,-0.00548,0.05573,0.10175,-0.02738
58,2.416667,right,15,thumb_ip,0.06687,0.12390,-0.02161,0.07014,0.11311,-0.04349
58,2.416667,right,16,index_tip,0.11113,0.13536,-0.03503,0.11441,0.12456,-0.05692
58,2.416667,right,17,middle_tip,0.10298,0.12119,-0.04453,0.10625,0.11039,-0.06642
58,2.416667,right,18,pinky_tip,0.08762,0.08284,-0.04654,0.09089,0.07206,-0.06843
58,2.416667,right,19,ring_tip,0.08813,0.09977,-0.04491,0.09139,0.08899,-0.06679
58,2.416667,right,20,thumb_tip,0.09372,0.13062,-0.04564,0.09700,0.11984,-0.06753
59,2.458333,right,0,wrist,0.03240,0.04659,0.00015,0.03503,0.03781,-0.01721
59,2.458333,right,1,index_mcp,0.09600,0.10927,0.01521,0.09863,0.10049,-0.00214
59,2.458333,right,2,index_pip,0.11642,0.12742,0.00167,0.11905,0.11864,-0.01569
59,2.458333,right,3,index_dip,0.11619,0.13727,-0.01648,0.11882,0.12849,-0.03383
59,2.458333,right,4,middle_mcp,0.11471,0.09500,0.00664,0.11734,0.08622,-0.01071
59,2.458333,right,5,middle_pip,0.13537,0.10882,-0.00969,0.13799,0.10004,-0.02704
59,2.458333,right,6,middle_dip,0.13102,0.11627,-0.02914,0.13366,0.10749,-0.04649
59,2.458333,right,7,pinky_mcp,0.11045,0.05776,-0.02431,0.11308,0.04898,-0.04166
59,2.458333,right,8,pinky_pip,0.11373,0.07387,-0.03513,0.11637,0.06510,-0.05248
59,2.458333,right,9,pinky_dip,0.11054,0.07964,-0.04854,0.11317,0.07087,-0.06589
59,2.458333,right,10,ring_mcp,0.11441,0.07278,-0.00973,0.11705,0.06400,-0.02708
59,2.458333,right,11,ring_pip,0.13092,0.09057,-0.02379,0.13356,0.08180,-0.04114
59,2.458333,right,12,ring_dip,0.11837,0.09925,-0.04020,0.12101,0.09048,-0.05755
59,2.458333,right,13,thumb_cmc,0.03684,0.08473,0.00344,0.03948,0.07595,-0.01391
59,2.458333,right,14,thumb_mcp,0.05048,0.10910,-0.00476,0.05311,0.10032,-0.02211
59,2.458333,right,15,thumb_ip,0.06484,0.12120,-0.02046,0.06748,0.11242,-0.03781
59,2.458333,right,16,index_tip,0.10917,0.13479,-0.03281,0.11179,0.12601,-0.05017
59,2.458333,right,17,middle_tip,0.10231,0.12051,-0.04237,0.10494,0.11174,-0.05972
59,2.458333,right,18,pinky_tip,0.08878,0.08157,-0.04543,0.09141,0.07278,-0.06278
59,2.458333,right,19,ring_tip,0.08828,0.09843,-0.04350,0.09092,0.08965,-0.06086
59,2.458333,right,20,thumb_tip,0.09246,0.12937,-0.04362,0.09510,0.12059,-0.06097
60,2.500000,right,0,wrist,0.03240,0.04267,-0.00034,0.03439,0.03588,-0.01346
60,2.500000,right,1,index_mcp,0.09379,0.10631,0.01729,0.09577,0.09953,0.00417
60,2.500000,right,2,index_pip,0.11465,0.12463,0.00487,0.11663,0.11785,-0.00825
60,2.500000,right,3,index_dip,0.11460,0.13328,-0.01436,0.11658,0.12650,-0.02748
60,2.500000,right,4,middle_mcp,0.11363,0.09275,0.00877,0.11561,0.08596,-0.00434
60,2.500000,right,5,middle_pip,0.13414,0.10761,-0.00640,0.13613,0.10083,-0.01952
60,2.500000,right,6,middle_dip,0.12997,0.11552,-0.02617,0.13195,0.10873,-0.03929
60,2.500000,right,7,pinky_mcp,0.10976,0.05544,-0.02323,0.11175,0.04866,-0.03635
60,2.500000,right,8,pinky_pip,0.11422,0.07261,-0.03323,0.11621,0.06584,-0.04634
60,2.500000,right,9,pinky_dip,0.11085,0.07850,-0.04650,0.11283,0.07172,-0.05962
60,2.500000,right,10,ring_mcp,0.11330,0.07081,-0.00824,0.11529,0.06402,-0.02136
60,2.500000,right,11,ring_pip,0.12978,0.08880,-0.02166,0.13176,0.08202,-0.03478
60,2.500000,right,12,ring_dip,0.11882,0.09822,-0.03905,0.12081,0.09143,-0.05217
60,2.500000,right,13,thumb_cmc,0.03577,0.08073,0.00390,0.03775,0.07395,-0.00922
60,2.500000,right,14,thumb_mcp,0.04882,0.10659,-0.00290,0.05081,0.09981,-0.01602
60,2.500000,right,15,thumb_ip,0.06321,0.11893,-0.01911,0.06519,0.11215,-0.03222
60,2.500000,right,16,index_tip,0.10844,0.13455,-0.03011,0.11042,0.12777,-0.04323
60,2.500000,right,17,middle_tip,0.10165,0.11829,-0.03977,0.10363,0.11150,-0.05289
60,2.500000,right,18,pinky_tip,0.08818,0.07983,-0.04412,0.09017,0.07304,-0.05724
60,2.500000,right,19,ring_tip,0.08792,0.09651,-0.04142,0.08990,0.08972,-0.05454
60,2.500000,right,20,thumb_tip,0.09065,0.12809,-0.04069,0.09264,0.12131,-0.05381
61,2.541667,right,0,wrist,0.03350,0.03995,0.00013,0.03491,0.03515,-0.00897
61,2.541667,right,1,index_mcp,0.09278,0.10555,0.01906,0.09419,0.10076,0.00997
61,2.541667,right,2,index_pip,0.11306,0.12419,0.00688,0.11447,0.11940,-0.00222
61,2.541667,right,3,index_dip,0.11351,0.13291,-0.01229,0.11493,0.12812,-0.02139
61,2.541667,right,4,middle_mcp,0.11215,0.09163,0.01076,0.11356,0.08684,0.00166
61,2.541667,right,5,middle_pip,0.13368,0.10738,-0.00339,0.13509,0.10259,-0.01249
61,2.541667,right,6,middle_dip,0.13022,0.11462,-0.02307,0.13163,0.10982,-0.03217
61,2.541667,right,7,pinky_mcp,0.11096,0.05470,-0.02118,0.11238,0.04991,-0.03029
61,2.541667,right,8,pinky_pip,0.11582,0.07175,-0.03062,0.11723,0.06696,-0.03972
61,2.541667,right,9,pinky_dip,0.11267,0.07743,-0.04400,0.11409,0.07264,-0.05310
61,2.541667,right,10,ring_mcp,0.11414,0.07011,-0.00580,0.11555,0.06532,-0.01491
61,2.541667,right,11,ring_pip,0.13029,0.08860,-0.01864,0.13170,0.08380,-0.02774
61,2.541667,right,12,ring_dip,0.11957,0.09748,-0.03662,0.12098,0.09269,-0.04571
61,2.541667,right,13,thumb_cmc,0.03565,0.07811,0.00419,0.03706,0.07332,-0.00491
61,2.541667,right,14,thumb_mcp,0.04823,0.10420,-0.00228,0.04964,0.09941,-0.01138
61,2.541667,right,15,thumb_ip,0.06309,0.11677,-0.01832,0.06450,0.11198,-0.02743
61,2.541667,right,16,index_tip,0.10774,0.13356,-0.02877,0.10915,0.12877,-0.03787
61,2.541667,right,17,middle_tip,0.10194,0.11729,-0.03782,0.10335,0.11249,-0.04692
61,2.541667,right,18,pinky_tip,0.08954,0.07796,-0.04215,0.09095,0.07317,-0.05125
61,2.541667,right,19,ring_tip,0.08957,0.09516,-0.04007,0.09098,0.09037,-0.04916
61,2.541667,right,20,thumb_tip,0.09066,0.12666,-0.03879,0.09207,0.12187,-0.04790
62,2.583333,right,0,wrist,0.03404,0.03739,0.00119,0.03491,0.03443,-0.00435
62,2.583333,right,1,index_mcp,0.08991,0.10565,0.02184,0.09079,0.10267,0.01631
62,2.583333,right,2,index_pip,0.10934,0.12512,0.00970,0.11021,0.12215,0.00416
62,2.583333,right,3,index_dip,0.11035,0.13400,-0.00959,0.11122,0.13104,-0.01512
62,2.583333,right,4,middle_mcp,0.10995,0.09259,0.01422,0.11081,0.08962,0.00868
62,2.583333,right,5,middle_pip,0.13139,0.10885,0.00092,0.13227,0.10588,-0.00461
62,2.583333,right,6,middle_dip,0.12840,0.11582,-0.01915,0.12927,0.11285,-0.02468
62,2.583333,right,7,pinky_mcp,0.11179,0.05558,-0.01731,0.11266,0.05262,-0.02285
62,2.583333,right,8,pinky_pip,0.11646,0.07225,-0.02674,0.11734,0.06929,-0.03228
62,2.583333,right,9,pinky_dip,0.11401,0.07786,-0.04038,0.11488,0.07490,-0.04591
62,2.583333,right,10,ring_mcp,0.11373,0.07110,-0.00192,0.11459,0.06813,-0.00746
62,2.583333,right,11,ring_pip,0.12951,0.09012,-0.01431,0.13037,0.08715,-0.01985
62,2.583333,right,12,ring_dip,0.11942,0.09836,-0.03287,0.12028,0.09539,-0.03841
62,2.583333,right,13,thumb_cmc,0.03441,0.07571,0.00498,0.03529,0.07273,-0.00055
62,2.583333,right,14,thumb_mcp,0.04595,0.10217,-0.00128,0.04682,0.09919,-0.00681
62,2.583333,right,15,thumb_ip,0.06091,0.11528,-0.01702,0.06179,0.11232,-0.02256
62,2.583333,right,16,index_tip,0.10524,0.13384,-0.02633,0.10611,0.13087,-0.03186
62,2.583333,right,17,middle_tip,0.10081,0.11742,-0.03485,0.10168,0.11445,-0.04039
62,2.583333,right,18,pinky_tip,0.09074,0.07732,-0.03942,0.09161,0.07435,-0.04496
62,2.583333,right,19,ring_tip,0.09016,0.09491,-0.03794,0.09103,0.09194,-0.04348
62,2.583333,right,20,thumb_tip,0.08889,0.12626,-0.03636,0.08975,0.12329,-0.04190
63,2.625000,right,0,wrist,0.03411,0.03553,0.00158,0.03456,0.03399,-0.00124
63,2.625000,right,1,index_mcp,0.08818,0.10478,0.02335,0.08862,0.10324,0.02052
63,2.625000,right,2,index_pip,0.10716,0.12498,0.01095,0.10761,0.12344,0.00812
63,2.625000,right,3,index_dip,0.10847,0.13398,-0.00856,0.10892,0.13244,-0.01138
63,2.625000,right,4,middle_mcp,0.10933,0.09302,0.01641,0.10978,0.09148,0.01359
63,2.625000,right,5,middle_pip,0.13001,0.10895,0.00310,0.13046,0.10742,0.00028
63,2.625000,right,6,middle_dip,0.12693,0.11621,-0.01758,0.12737,0.11468,-0.02041
63,2.625000,right,7,pinky_mcp,0.11217,0.05562,-0.01486,0.11262,0.05409,-0.01769
63,2.625000,right,8,pinky_pip,0.11651,0.07198,-0.02481,0.11696,0.07045,-0.02764
63,2.625000,right,9,pinky_dip,0.11479,0.07768,-0.03864,0.11524,0.07614,-0.04146
63,2.625000,right,10,ring_mcp,0.11294,0.07109,0.00020,0.11339,0.06955,-0.00262
63,2.625000,right,11,ring_pip,0.12887,0.09039,-0.01216,0.12932,0.08885,-0.01499
63,2.625000,right,12,ring_dip,0.11949,0.09839,-0.03091,0.11993,0.09687,-0.03373
63,2.625000,right,13,thumb_cmc,0.03369,0.07394,0.00536,0.03414,0.07240,0.00253
63,2.625000,right,14,thumb_mcp,0.04453,0.10048,-0.00087,0.04497,0.09894,-0.00369
63,2.625000,right,15,thumb_ip,0.05925,0.11402,-0.01642,0.05970,0.11248,-0.01925
63,2.625000,right,16,index_tip,0.10375,0.13352,-0.02491,0.10420,0.13198,-0.02773
63,2.625000,right,17,middle_tip,0.10011,0.11697,-0.03326,0.10056,0.11544,-0.03609
63,2.625000,right,18,pinky_tip,0.09187,0.07671,-0.03822,0.09232,0.07518,-0.04105
63,2.625000,right,19,ring_tip,0.09052,0.09439,-0.03710,0.09096,0.09286,-0.03993
63,2.625000,right,20,thumb_tip,0.08769,0.12551,-0.03527,0.08814,0.12398,-0.03810
64,2.666667,right,0,wrist,0.03581,0.03637,0.00187,0.03600,0.03573,0.00071
64,2.666667,right,1,index_mcp,0.08550,0.10814,0.02430,0.08568,0.10750,0.02313
64,2.666667,right,2,index_pip,0.10384,0.12902,0.01265,0.10403,0.12838,0.01149
64,2.666667,right,3,index_dip,0.10555,0.13817,-0.00699,0.10574,0.13755,-0.00815
64,2.666667,right,4,middle_mcp,0.10789,0.09699,0.01862,0.10808,0.09635,0.01747
64,2.666667,right,5,middle_pip,0.12891,0.11437,0.00562,0.12910,0.11375,0.00446
64,2.666667,right,6,middle_dip,0.12473,0.12067,-0.01500,0.12492,0.12005,-0.01617
64,2.666667,right,7,pinky_mcp,0.11306,0.05910,-0.01253,0.11325,0.05848,-0.01368
64,2.666667,right,8,pinky_pip,0.11794,0.07604,-0.02245,0.11813,0.07541,-0.02360
64,2.666667,right,9,pinky_dip,0.11653,0.08092,-0.03663,0.11671,0.08029,-0.03780
64,2.666667,right,10,ring_mcp,0.11303,0.07509,0.00226,0.11322,0.07446,0.00111
64,2.666667,right,11,ring_pip,0.12798,0.09452,-0.00954,0.12818,0.09390,-0.01070
64,2.666667,right,12,ring_dip,0.12038,0.10300,-0.02819,0.12056,0.10237,-0.02936
64,2.666667,right,13,thumb_cmc,0.03411,0.07453,0.00505,0.03430,0.07391,0.00388
64,2.666667,right,14,thumb_mcp,0.04363,0.10198,-0.00106,0.04382,0.10135,-0.00222
64,2.666667,right,15,thumb_ip,0.05822,0.11554,-0.01580,0.05841,0.11492,-0.01695
64,2.666667,right,16,index_tip,0.10240,0.13723,-0.02442,0.10259,0.13661,-0.02558
64,2.666667,right,17,middle_tip,0.10052,0.12042,-0.03200,0.10070,0.11979,-0.03315
64,2.666667,right,18,pinky_tip,0.09441,0.07964,-0.03675,0.09461,0.07902,-0.03791
64,2.666667,right,19,ring_tip,0.09135,0.09664,-0.03629,0.09155,0.09602,-0.03746
64,2.666667,right,20,thumb_tip,0.08661,0.12680,-0.03571,0.08679,0.12618,-0.03687
65,2.708333,right,0,wrist,0.03656,0.03747,0.00542,0.03663,0.03727,0.00505
65,2.708333,right,1,index_mcp,0.08301,0.11143,0.02892,0.08307,0.11124,0.02855
65,2.708333,right,2,index_pip,0.10054,0.13258,0.01724,0.10060,0.13238,0.01688
65,2.708333,right,3,index_dip,0.10257,0.14192,-0.00192,0.10263,0.14172,-0.00229
65,2.708333,right,4,middle_mcp,0.10533,0.10040,0.02362,0.10539,0.10021,0.02325
65,2.708333,right,5,middle_pip,0.12652,0.11874,0.01149,0.12658,0.11854,0.01114
65,2.708333,right,6,middle_dip,0.12256,0.12415,-0.00923,0.12262,0.12395,-0.00959
65,2.708333,right,7,pinky_mcp,0.11325,0.06319,-0.00717,0.11331,0.06299,-0.00753
65,2.708333,right,8,pinky_pip,0.11795,0.07992,-0.01672,0.11802,0.07972,-0.01708
65,2.708333,right,9,pinky_dip,0.11696,0.08482,-0.03088,0.11702,0.08462,-0.03125
65,2.708333,right,10,ring_mcp,0.11197,0.07920,0.00815,0.11203,0.07901,0.00778
65,2.708333,right,11,ring_pip,0.12713,0.09905,-0.00354,0.12719,0.09885,-0.00391
65,2.708333,right,12,ring_dip,0.11901,0.10674,-0.02263,0.11907,0.10655,-0.02300
65,2.708333,right,13,thumb_cmc,0.03302,0.07546,0.00827,0.03308,0.07526,0.00791
65,2.708333,right,14,thumb_mcp,0.04178,0.10337,0.00250,0.04184,0.10317,0.00213
65,2.708333,right,15,thumb_ip,0.05665,0.11733,-0.01212,0.05672,0.11713,-0.01248
65,2.708333,right,16,index_tip,0.09985,0.14044,-0.01999,0.09991,0.14025,-0.02036
65,2.708333,right,17,middle_tip,0.09840,0.12334,-0.02714,0.09846,0.12315,-0.02750
65,2.708333,right,18,pinky_tip,0.09439,0.08280,-0.03231,0.09445,0.08260,-0.03268
65,2.708333,right,19,ring_tip,0.09064,0.09905,-0.03129,0.09070,0.09885,-0.03165
65,2.708333,right,20,thumb_tip,0.08455,0.13024,-0.03063,0.08461,0.13004,-0.03100
66,2.750000,right,0,wrist,0.03656,0.03882,0.00820,0.03657,0.03877,0.00812
66,2.750000,right,1,index_mcp,0.08107,0.11380,0.03268,0.08108,0.11376,0.03259
66,2.750000,right,2,index_pip,0.09804,0.13528,0.02094,0.09805,0.13523,0.02087
66,2.750000,right,3,index_dip,0.10012,0.14492,0.00176,0.10014,0.14488,0.00168
66,2.750000,right,4,middle_mcp,0.10345,0.10338,0.02763,0.10346,0.10333,0.02754
66,2.750000,right,5,middle_pip,0.12446,0.12205,0.01592,0.12447,0.12200,0.01583
66,2.750000,right,6,middle_dip,0.12050,0.12721,-0.00505,0.12051,0.12717,-0.00513
66,2.750000,right,7,pinky_mcp,0.11314,0.06669,-0.00292,0.11315,0.06664,-0.00300
66,2.750000,right,8,pinky_pip,0.11745,0.08300,-0.01256,0.11747,0.08296,-0.01263
66,2.750000,right,9,pinky_dip,0.11686,0.08805,-0.02667,0.11687,0.08801,-0.02675
66,2.750000,right,10,ring_mcp,0.11091,0.08236,0.01248,0.11092,0.08232,0.01240
66,2.750000,right,11,ring_pip,0.12599,0.10257,0.00088,0.12600,0.10253,0.00079
66,2.750000,right,12,ring_dip,0.11789,0.10993,-0.01840,0.11790,0.10988,-0.01848
66,2.750000,right,13,thumb_cmc,0.03202,0.07680,0.01097,0.03203,0.07674,0.01088
66,2.750000,right,14,thumb_mcp,0.03998,0.10486,0.00545,0.04000,0.10482,0.00536
66,2.750000,right,15,thumb_ip,0.05490,0.11918,-0.00913,0.05491,0.11914,-0.00922
66,2.750000,right,16,index_tip,0.09780,0.14315,-0.01634,0.09782,0.14311,-0.01643
66,2.750000,right,17,middle_tip,0.09660,0.12588,-0.02336,0.09662,0.12583,-0.02345
66,2.750000,right,18,pinky_tip,0.09441,0.08584,-0.02910,0.09444,0.08579,-0.02917
66,2.750000,right,19,ring_tip,0.09003,0.10139,-0.02740,0.09004,0.10134,-0.02747
66,2.750000,right,20,thumb_tip,0.08277,0.13318,-0.02687,0.08278,0.13314,-0.02696
67,2.791667,right,0,wrist,0.03590,0.04029,0.01013,0.03590,0.04028,0.01013
67,2.791667,right,1,index_mcp,0.07817,0.11605,0.03595,0.07818,0.11604,0.03595
67,2.791667,right,2,index_pip,0.09473,0.13815,0.02437,0.09473,0.13815,0.02436
67,2.791667,right,3,index_dip,0.09675,0.14808,0.00489,0.09674,0.14807,0.00488
67,2.791667,right,4,middle_mcp,0.10099,0.10683,0.03138,0.10099,0.10682,0.03137
67,2.791667,right,5,middle_pip,0.12148,0.12571,0.01989,0.12149,0.12570,0.01988
67,2.791667,right,6,middle_dip,0.11753,0.13106,-0.00149,0.11753,0.13106,-0.00150
67,2.791667,right,7,pinky_mcp,0.11221,0.07039,0.00102,0.11221,0.07039,0.00100
67,2.791667,right,8,pinky_pip,0.11614,0.08648,-0.00899,0.11614,0.08647,-0.00900
67,2.791667,right,9,pinky_dip,0.11608,0.09179,-0.02306,0.11608,0.09179,-0.02308
67,2.791667,right,10,ring_mcp,0.10924,0.08576,0.01610,0.10924,0.08575,0.01609
67,2.791667,right,11,ring_pip,0.12390,0.10642,0.00475,0.12390,0.10642,0.00474
67,2.791667,right,12,ring_dip,0.11624,0.11374,-0.01463,0.11624,0.11373,-0.01465
67,2.791667,right,13,thumb_cmc,0.03045,0.07827,0.01311,0.03044,0.07825,0.01309
67,2.791667,right,14,thumb_mcp,0.03743,0.10644,0.00777,0.03743,0.10643,0.00776
67,2.791667,right,15,thumb_ip,0.05222,0.12122,-0.00667,0.05222,0.12122,-0.00668
67,2.791667,right,16,index_tip,0.09501,0.14627,-0.01296,0.09501,0.14626,-0.01297
67,2.791667,right,17,middle_tip,0.09422,0.12880,-0.01997,0.09422,0.12879,-0.01998
67,2.791667,right,18,pinky_tip,0.09423,0.08951,-0.02646,0.09423,0.08949,-0.02648
67,2.791667,right,19,ring_tip,0.08894,0.10425,-0.02400,0.08895,0.10424,-0.02401
67,2.791667,right,20,thumb_tip,0.08027,0.13626,-0.02385,0.08026,0.13626,-0.02386
68,2.833333,right,0,wrist,0.03598,0.04558,0.01032,0.03598,0.04558,0.01032
68,2.833333,right,1,index_mcp,0.07576,0.12286,0.03598,0.07576,0.12286,0.03598
68,2.833333,right,2,index_pip,0.09278,0.14547,0.02392,0.09278,0.14547,0.02392
68,2.833333,right,3,index_dip,0.09506,0.15492,0.00540,0.09506,0.15492,0.00540
68,2.833333,right,4,middle_mcp,0.09913,0.11346,0.03226,0.09913,0.11346,0.03226
68,2.833333,right,5,middle_pip,0.11998,0.13294,0.02123,0.11998,0.13294,0.02123
68,2.833333,right,6,middle_dip,0.11797,0.13818,-0.00037,0.11798,0.13818,-0.00038
68,2.833333,right,7,pinky_mcp,0.11194,0.07695,0.00268,0.11193,0.07695,0.00268
68,2.833333,right,8,pinky_pip,0.11664,0.09270,-0.00691,0.11664,0.09270,-0.00691
68,2.833333,right,9,pinky_dip,0.11699,0.09752,-0.02161,0.11699,0.09752,-0.02162
68,2.833333,right,10,ring_mcp,0.10828,0.09244,0.01756,0.10828,0.09244,0.01756
68,2.833333,right,11,ring_pip,0.12345,0.11377,0.00700,0.12345,0.11377,0.00700
68,2.833333,right,12,ring_dip,0.11758,0.12058,-0.01380,0.11758,0.12058,-0.01380
68,2.833333,right,13,thumb_cmc,0.02956,0.08359,0.01219,0.02956,0.08359,0.01219
68,2.833333,right,14,thumb_mcp,0.03614,0.11181,0.00615,0.03614,0.11181,0.00615
68,2.833333,right,15,thumb_ip,0.05076,0.12663,-0.00731,0.05076,0.12663,-0.00731
68,2.833333,right,16,index_tip,0.09368,0.15286,-0.01180,0.09368,0.15286,-0.01180
68,2.833333,right,17,middle_tip,0.09357,0.13429,-0.02042,0.09357,0.13429,-0.02042
68,2.833333,right,18,pinky_tip,0.09596,0.09475,-0.02501,0.09597,0.09475,-0.02502
68,2.833333,right,19,ring_tip,0.09017,0.11013,-0.02347,0.09017,0.11013,-0.02348
68,2.833333,right,20,thumb_tip,0.07808,0.14177,-0.02326,0.07808,0.14177,-0.02326
69,2.875000,right,0,wrist,0.03715,0.04695,0.01304,0.03715,0.04695,0.01304
69,2.875000,right,1,index_mcp,0.07499,0.12456,0.03955,0.07499,0.12456,0.03955
69,2.875000,right,2,index_pip,0.09140,0.14805,0.02742,0.09140,0.14805,0.02742
69,2.875000,right,3,index_dip,0.09382,0.15766,0.00922,0.09382,0.15766,0.00922
69,2.875000,right,4,middle_mcp,0.09923,0.11637,0.03561,0.09923,0.11637,0.03561
69,2.875000,right,5,middle_pip,0.11829,0.13617,0.02383,0.11829,0.13617,0.02383
69,2.875000,right,6,middle_dip,0.11726,0.14294,0.00301,0.11726,0.14294,0.00301
69,2.875000,right,7,pinky_mcp,0.11187,0.07924,0.00524,0.11187,0.07924,0.00524
69,2.875000,right,8,pinky_pip,0.11678,0.09653,-0.00493,0.11678,0.09653,-0.00493
69,2.875000,right,9,pinky_dip,0.11661,0.10155,-0.01841,0.11661,0.10155,-0.01841
69,2.875000,right,10,ring_mcp,0.10770,0.09543,0.01996,0.10770,0.09543,0.01996
69,2.875000,right,11,ring_pip,0.12201,0.11672,0.00990,0.12201,0.11672,0.00990
69,2.875000,right,12,ring_dip,0.11700,0.12501,-0.01035,0.11700,0.12501,-0.01035
69,2.875000,right,13,thumb_cmc,0.02989,0.08448,0.01606,0.02989,0.08448,0.01606
69,2.875000,right,14,thumb_mcp,0.03540,0.11348,0.00968,0.03540,0.11348,0.00968
69,2.875000,right,15,thumb_ip,0.05017,0.12868,-0.00335,0.05017,0.12868,-0.00335
69,2.875000,right,16,index_tip,0.09313,0.15695,-0.00750,0.09313,0.15695,-0.00750
69,2.875000,right,17,middle_tip,0.09153,0.13917,-0.01643,0.09153,0.13917,-0.01643
69,2.875000,right,18,pinky_tip,0.09690,0.09885,-0.02269,0.09690,0.09885,-0.02269
69,2.875000,right,19,ring_tip,0.08987,0.11468,-0.02122,0.08987,0.11468,-0.02122
69,2.875000,right,20,thumb_tip,0.07734,0.14527,-0.02113,0.07734,0.14527,-0.02113
70,2.916667,right,0,wrist,0.03745,0.05272,0.01504,0.03745,0.05272,0.01504
70,2.916667,right,1,index_mcp,0.07148,0.13190,0.04222,0.07148,0.13190,0.04222
70,2.916667,right,2,index_pip,0.08673,0.15599,0.03072,0.08673,0.15599,0.03072
70,2.916667,right,3,index_dip,0.08864,0.16608,0.01283,0.08864,0.16608,0.01283
70,2.916667,right,4,middle_mcp,0.09554,0.12411,0.03782,0.09554,0.12411,0.03782
70,2.916667,right,5,middle_pip,0.11421,0.14578,0.02772,0.11421,0.14578,0.02772
70,2.916667,right,6,middle_dip,0.11333,0.15222,0.00672,0.11333,0.15222,0.00672
70,2.916667,right,7,pinky_mcp,0.11058,0.08870,0.00792,0.11058,0.08870,0.00792
70,2.916667,right,8,pinky_pip,0.11469,0.10545,-0.00150,0.11469,0.10545,-0.00150
70,2.916667,right,9,pinky_dip,0.11471,0.11104,-0.01553,0.11471,0.11104,-0.01553
70,2.916667,right,10,ring_mcp,0.10646,0.10448,0.02303,0.10646,0.10448,0.02303
70,2.916667,right,11,ring_pip,0.11917,0.12641,0.01328,0.11917,0.12641,0.01328
70,2.916667,right,12,ring_dip,0.11335,0.13425,-0.00711,0.11335,0.13425,-0.00711
70,2.916667,right,13,thumb_cmc,0.02861,0.08981,0.01778,0.02861,0.08981,0.01778
70,2.916667,right,14,thumb_mcp,0.03249,0.11906,0.01245,0.03249,0.11906,0.01245
70,2.916667,right,15,thumb_ip,0.04705,0.13479,-0.00109,0.04705,0.13479,-0.00109
70,2.916667,right,16,index_tip,0.08859,0.16530,-0.00465,0.08859,0.16530,-0.00465
70,2.916667,right,17,middle_tip,0.08746,0.14645,-0.01311,0.08746,0.14645,-0.01311
70,2.916667,right,18,pinky_tip,0.09468,0.10725,-0.01964,0.09468,0.10725,-0.01964
70,2.916667,right,19,ring_tip,0.08643,0.12170,-0.01739,0.08643,0.12170,-0.01739
70,2.916667,right,20,thumb_tip,0.07283,0.15292,-0.01849,0.07283,0.15292,-0.01849
71,2.958333,right,0,wrist,0.03771,0.05734,0.01591,0.03771,0.05734,0.01591
71,2.958333,right,1,index_mcp,0.06956,0.13736,0.04352,0.06956,0.13736,0.04352
71,2.958333,right,2,index_pip,0.08415,0.16174,0.03229,0.08415,0.16174,0.03229
71,2.958333,right,3,index_dip,0.08606,0.17229,0.01436,0.08606,0.17229,0.01436
71,2.958333,right,4,middle_mcp,0.09344,0.13031,0.03935,0.09344,0.13031,0.03935
71,2.958333,right,5,middle_pip,0.11205,0.15216,0.02979,0.11205,0.15216,0.02979
71,2.958333,right,6,middle_dip,0.11111,0.15849,0.00850,0.11111,0.15849,0.00850
71,2.958333,right,7,pinky_mcp,0.10991,0.09577,0.00988,0.10991,0.09577,0.00988
71,2.958333,right,8,pinky_pip,0.11386,0.11183,0.00037,0.11386,0.11183,0.00037
71,2.958333,right,9,pinky_dip,0.11369,0.11745,-0.01391,0.11369,0.11745,-0.01391
71,2.958333,right,10,ring_mcp,0.10543,0.11089,0.02480,0.10543,0.11089,0.02480
71,2.958333,right,11,ring_pip,0.11763,0.13324,0.01504,0.11763,0.13324,0.01504
71,2.958333,right,12,ring_dip,0.11131,0.14050,-0.00531,0.11131,0.14050,-0.00531
71,2.958333,right,13,thumb_cmc,0.02772,0.09420,0.01848,0.02772,0.09420,0.01848
71,2.958333,right,14,thumb_mcp,0.03083,0.12342,0.01321,0.03083,0.12342,0.01321
71,2.958333,right,15,thumb_ip,0.04529,0.13946,-0.00047,0.04529,0.13946,-0.00047
71,2.958333,right,16,index_tip,0.08595,0.17123,-0.00333,0.08595,0.17123,-0.00333
71,2.958333,right,17,middle_tip,0.08572,0.15202,-0.01156,0.08572,0.15202,-0.01156
71,2.958333,right,18,pinky_tip,0.09352,0.11308,-0.01800,0.09352,0.11308,-0.01800
71,2.958333,right,19,ring_tip,0.08452,0.12678,-0.01541,0.08452,0.12678,-0.01541
71,2.958333,right,20,thumb_tip,0.07100,0.15827,-0.01745,0.07100,0.15827,-0.01745
72,3.000000,right,0,wrist,0.03809,0.06060,0.01570,0.03809,0.06060,0.01570
72,3.000000,right,1,index_mcp,0.06828,0.14109,0.04422,0.06828,0.14109,0.04422
72,3.000000,right,2,index_pip,0.08229,0.16581,0.03300,0.08229,0.16581,0.03300
72,3.000000,right,3,index_dip,0.08432,0.17691,0.01498,0.08432,0.17691,0.01498
72,3.000000,right,4,middle_mcp,0.09213,0.13522,0.04049,0.09213,0.13522,0.04049
72,3.000000,right,5,middle_pip,0.11059,0.15660,0.03061,0.11059,0.15660,0.03061
72,3.000000,right,6,middle_dip,0.10922,0.16313,0.00904,0.10922,0.16313,0.00904
72,3.000000,right,7,pinky_mcp,0.10945,0.10117,0.01079,0.10945,0.10117,0.01079
72,3.000000,right,8,pinky_pip,0.11335,0.11695,0.00071,0.11335,0.11695,0.00071
72,3.000000,right,9,pinky_dip,0.11262,0.12225,-0.01347,0.11262,0.12225,-0.01347
72,3.000000,right,10,ring_mcp,0.10415,0.11542,0.02534,0.10415,0.11542,0.02534
72,3.000000,right,11,ring_pip,0.11642,0.13836,0.01554,0.11642,0.13836,0.01554
72,3.000000,right,12,ring_dip,0.10965,0.14517,-0.00466,0.10965,0.14517,-0.00466
72,3.000000,right,13,thumb_cmc,0.02702,0.09736,0.01881,0.02702,0.09736,0.01881
72,3.000000,right,14,thumb_mcp,0.02956,0.12635,0.01312,0.02956,0.12635,0.01312
72,3.000000,right,15,thumb_ip,0.04365,0.14281,-0.00042,0.04365,0.14281,-0.00042
72,3.000000,right,16,index_tip,0.08351,0.17559,-0.00260,0.08351,0.17559,-0.00260
72,3.000000,right,17,middle_tip,0.08452,0.15684,-0.01090,0.08452,0.15684,-0.01090
72,3.000000,right,18,pinky_tip,0.09246,0.11752,-0.01761,0.09246,0.11752,-0.01761
72,3.000000,right,19,ring_tip,0.08292,0.13099,-0.01487,0.08292,0.13099,-0.01487
72,3.000000,right,20,thumb_tip,0.06979,0.16220,-0.01687,0.06979,0.16220,-0.01687
73,3.041667,right,0,wrist,0.04006,0.06535,0.01657,0.04006,0.06535,0.01657
73,3.041667,right,1,index_mcp,0.06790,0.14691,0.04493,0.06790,0.14691,0.04493
73,3.041667,right,2,index_pip,0.08246,0.17115,0.03371,0.08246,0.17115,0.03371
73,3.041667,right,3,index_dip,0.08307,0.18184,0.01533,0.08307,0.18184,0.01533
73,3.041667,right,4,middle_mcp,0.09327,0.14168,0.04204,0.09327,0.14168,0.04204
73,3.041667,right,5,middle_pip,0.11085,0.16268,0.03187,0.11085,0.16268,0.03187
73,3.041667,right,6,middle_dip,0.10818,0.16955,0.01033,0.10818,0.16955,0.01033
73,3.041667,right,7,pinky_mcp,0.11023,0.10634,0.01237,0.11023,0.10634,0.01237
73,3.041667,right,8,pinky_pip,0.11360,0.12357,0.00179,0.11360,0.12357,0.00179
73,3.041667,right,9,pinky_dip,0.11335,0.12908,-0.01124,0.11335,0.12908,-0.01124
73,3.041667,right,10,ring_mcp,0.10444,0.12151,0.02693,0.10444,0.12151,0.02693
73,3.041667,right,11,ring_pip,0.11698,0.14448,0.01738,0.11698,0.14448,0.01738
73,3.041667,right,12,ring_dip,0.11135,0.15180,-0.00320,0.11135,0.15180,-0.00320
73,3.041667,right,13,thumb_cmc,0.02900,0.10181,0.01929,0.02900,0.10181,0.01929
73,3.041667,right,14,thumb_mcp,0.03088,0.13118,0.01388,0.03088,0.13118,0.01388
73,3.041667,right,15,thumb_ip,0.04435,0.14774,0.00074,0.04435,0.14774,0.00074
73,3.041667,right,16,index_tip,0.08370,0.18201,-0.00041,0.08370,0.18201,-0.00041
73,3.041667,right,17,middle_tip,0.08488,0.16242,-0.01081,0.08488,0.16242,-0.01081
73,3.041667,right,18,pinky_tip,0.09349,0.12349,-0.01571,0.09349,0.12349,-0.01571
73,3.041667,right,19,ring_tip,0.08344,0.13649,-0.01414,0.08344,0.13649,-0.01414
73,3.041667,right,20,thumb_tip,0.06971,0.16591,-0.01648,0.06971,0.16591,-0.01648
74,3.083333,right,0,wrist,0.04205,0.07183,0.01747,0.04205,0.07183,0.01747
74,3.083333,right,1,index_mcp,0.06825,0.15389,0.04545,0.06825,0.15389,0.04545
74,3.083333,right,2,index_pip,0.08252,0.17824,0.03410,0.08252,0.17824,0.03410
74,3.083333,right,3,index_dip,0.08327,0.18893,0.01540,0.08327,0.18893,0.01540
74,3.083333,right,4,middle_mcp,0.09280,0.14800,0.04204,0.09280,0.14800,0.04204
74,3.083333,right,5,middle_pip,0.11110,0.17036,0.03261,0.11110,0.17036,0.03261
74,3.083333,right,6,middle_dip,0.10894,0.17670,0.01131,0.10894,0.17670,0.01131
74,3.083333,right,7,pinky_mcp,0.11172,0.11386,0.01311,0.11172,0.11386,0.01311
74,3.083333,right,8,pinky_pip,0.11466,0.13056,0.00310,0.11466,0.13056,0.00310
74,3.083333,right,9,pinky_dip,0.11447,0.13634,-0.00997,0.11447,0.13634,-0.00997
74,3.083333,right,10,ring_mcp,0.10593,0.12912,0.02800,0.10593,0.12912,0.02800
74,3.083333,right,11,ring_pip,0.11800,0.15214,0.01844,0.11800,0.15214,0.01844
74,3.083333,right,12,ring_dip,0.11149,0.15825,-0.00242,0.11149,0.15825,-0.00242
74,3.083333,right,13,thumb_cmc,0.03044,0.10823,0.01948,0.03044,0.10823,0.01948
74,3.083333,right,14,thumb_mcp,0.03176,0.13742,0.01423,0.03176,0.13742,0.01423
74,3.083333,right,15,thumb_ip,0.04554,0.15391,0.00064,0.04554,0.15391,0.00064
74,3.083333,right,16,index_tip,0.08409,0.18852,-0.00059,0.08409,0.18852,-0.00059
74,3.083333,right,17,middle_tip,0.08574,0.16861,-0.01047,0.08574,0.16861,-0.01047
74,3.083333,right,18,pinky_tip,0.09418,0.12963,-0.01481,0.09418,0.12963,-0.01481
74,3.083333,right,19,ring_tip,0.08477,0.14264,-0.01271,0.08477,0.14264,-0.01271
74,3.083333,right,20,thumb_tip,0.07068,0.17226,-0.01607,0.07068,0.17226,-0.01607
75,3.125000,right,0,wrist,0.04360,0.07766,0.01746,0.04360,0.07766,0.01746
75,3.125000,right,1,index_mcp,0.06749,0.16061,0.04503,0.06749,0.16061,0.04503
75,3.125000,right,2,index_pip,0.08140,0.18496,0.03333,0.08140,0.18496,0.03333
75,3.125000,right,3,index_dip,0.08239,0.19565,0.01431,0.08239,0.19565,0.01431
75,3.125000,right,4,middle_mcp,0.09197,0.15517,0.04202,0.09197,0.15517,0.04202
75,3.125000,right,5,middle_pip,0.11027,0.17766,0.03249,0.11027,0.17766,0.03249
75,3.125000,right,6,middle_dip,0.10822,0.18361,0.01098,0.10822,0.18361,0.01098
75,3.125000,right,7,pinky_mcp,0.11271,0.12162,0.01380,0.11271,0.12162,0.01380
75,3.125000,right,8,pinky_pip,0.11506,0.13762,0.00349,0.11506,0.13762,0.00349
75,3.125000,right,9,pinky_dip,0.11454,0.14323,-0.00952,0.11454,0.14323,-0.00952
75,3.125000,right,10,ring_mcp,0.10621,0.13655,0.02850,0.10621,0.13655,0.02850
75,3.125000,right,11,ring_pip,0.11780,0.15966,0.01872,0.11780,0.15966,0.01872
75,3.125000,right,12,ring_dip,0.11094,0.16480,-0.00230,0.11094,0.16480,-0.00230
75,3.125000,right,13,thumb_cmc,0.03110,0.11394,0.01876,0.03110,0.11394,0.01876
75,3.125000,right,14,thumb_mcp,0.03184,0.14286,0.01316,0.03184,0.14286,0.01316
75,3.125000,right,15,thumb_ip,0.04562,0.15947,-0.00050,0.04562,0.15947,-0.00050
75,3.125000,right,16,index_tip,0.08351,0.19471,-0.00172,0.08351,0.19471,-0.00172
75,3.125000,right,17,middle_tip,0.08581,0.17473,-0.01105,0.08581,0.17473,-0.01105
75,3.125000,right,18,pinky_tip,0.09426,0.13541,-0.01420,0.09426,0.13541,-0.01420
75,3.125000,right,19,ring_tip,0.08515,0.14853,-0.01245,0.08515,0.14853,-0.01245
75,3.125000,right,20,thumb_tip,0.07104,0.17803,-0.01703,0.07104,0.17803,-0.01703
76,3.166667,right,0,wrist,0.04441,0.08257,0.01645,0.04441,0.08257,0.01645
76,3.166667,right,1,index_mcp,0.06713,0.16605,0.04401,0.06713,0.16605,0.04401
76,3.166667,right,2,index_pip,0.08104,0.19021,0.03191,0.08104,0.19021,0.03191
76,3.166667,right,3,index_dip,0.08230,0.20096,0.01272,0.08230,0.20096,0.01272
76,3.166667,right,4,middle_mcp,0.09216,0.16164,0.04202,0.09216,0.16164,0.04202
76,3.166667,right,5,middle_pip,0.11017,0.18302,0.03162,0.11017,0.18302,0.03162
76,3.166667,right,6,middle_dip,0.10783,0.18885,0.00959,0.10783,0.18885,0.00959
76,3.166667,right,7,pinky_mcp,0.11347,0.12768,0.01400,0.11347,0.12768,0.01400
76,3.166667,right,8,pinky_pip,0.11546,0.14324,0.00267,0.11546,0.14324,0.00267
76,3.166667,right,9,pinky_dip,0.11435,0.14836,-0.01018,0.11435,0.14836,-0.01018
76,3.166667,right,10,ring_mcp,0.10618,0.14212,0.02811,0.10618,0.14212,0.02811
76,3.166667,right,11,ring_pip,0.11768,0.16533,0.01806,0.11768,0.16533,0.01806
76,3.166667,right,12,ring_dip,0.11086,0.17002,-0.00301,0.11086,0.17002,-0.00301
76,3.166667,right,13,thumb_cmc,0.03151,0.11880,0.01752,0.03151,0.11880,0.01752
76,3.166667,right,14,thumb_mcp,0.03207,0.14746,0.01137,0.03207,0.14746,0.01137
76,3.166667,right,15,thumb_ip,0.04571,0.16419,-0.00203,0.04571,0.16419,-0.00203
76,3.166667,right,16,index_tip,0.08359,0.19977,-0.00324,0.08359,0.19977,-0.00324
76,3.166667,right,17,middle_tip,0.08621,0.17993,-0.01223,0.08621,0.17993,-0.01223
76,3.166667,right,18,pinky_tip,0.09427,0.13996,-0.01424,0.09427,0.13996,-0.01424
76,3.166667,right,19,ring_tip,0.08537,0.15336,-0.01335,0.08537,0.15336,-0.01335
76,3.166667,right,20,thumb_tip,0.07190,0.18271,-0.01869,0.07190,0.18271,-0.01869
77,3.208333,right,0,wrist,0.05061,0.09426,0.01581,0.05061,0.09426,0.01581
77,3.208333,right,1,index_mcp,0.07050,0.17844,0.04185,0.07050,0.17844,0.04185
77,3.208333,right,2,index_pip,0.08290,0.20418,0.02970,0.08290,0.20418,0.02970
77,3.208333,right,3,index_dip,0.08445,0.21313,0.01020,0.08445,0.21313,0.01020
77,3.208333,right,4,middle_mcp,0.09589,0.17502,0.04026,0.09589,0.17502,0.04026
77,3.208333,right,5,middle_pip,0.11242,0.19707,0.02943,0.11242,0.19707,0.02943
77,3.208333,right,6,middle_dip,0.11161,0.20333,0.00728,0.11161,0.20333,0.00728
77,3.208333,right,7,pinky_mcp,0.11780,0.14036,0.01265,0.11780,0.14036,0.01265
77,3.208333,right,8,pinky_pip,0.11856,0.15709,0.00131,0.11856,0.15709,0.00131
77,3.208333,right,9,pinky_dip,0.11804,0.16136,-0.01206,0.11804,0.16136,-0.01206
77,3.208333,right,10,ring_mcp,0.10979,0.15582,0.02643,0.10979,0.15582,0.02643
77,3.208333,right,11,ring_pip,0.12083,0.17880,0.01602,0.12083,0.17880,0.01602
77,3.208333,right,12,ring_dip,0.11458,0.18299,-0.00542,0.11458,0.18299,-0.00542
77,3.208333,right,13,thumb_cmc,0.03601,0.12970,0.01632,0.03601,0.12970,0.01632
77,3.208333,right,14,thumb_mcp,0.03697,0.15896,0.00945,0.03697,0.15896,0.00945
77,3.208333,right,15,thumb_ip,0.04888,0.17546,-0.00376,0.04888,0.17546,-0.00376
77,3.208333,right,16,index_tip,0.08538,0.21349,-0.00532,0.08538,0.21349,-0.00532
77,3.208333,right,17,middle_tip,0.08847,0.19262,-0.01359,0.08847,0.19262,-0.01359
77,3.208333,right,18,pinky_tip,0.09977,0.15199,-0.01461,0.09977,0.15199,-0.01461
77,3.208333,right,19,ring_tip,0.08865,0.16539,-0.01500,0.08865,0.16539,-0.01500
77,3.208333,right,20,thumb_tip,0.07475,0.19485,-0.02171,0.07475,0.19485,-0.02171
78,3.250000,right,0,wrist,0.05164,0.10434,0.01502,0.05164,0.10434,0.01502
78,3.250000,right,1,index_mcp,0.06777,0.19000,0.04000,0.06777,0.19000,0.04000
78,3.250000,right,2,index_pip,0.07912,0.21568,0.02786,0.07912,0.21568,0.02786
78,3.250000,right,3,index_dip,0.08025,0.22429,0.00823,0.08025,0.22429,0.00823
78,3.250000,right,4,middle_mcp,0.09285,0.18640,0.03838,0.09285,0.18640,0.03838
78,3.250000,right,5,middle_pip,0.10878,0.20995,0.02764,0.10878,0.20995,0.02764
78,3.250000,right,6,middle_dip,0.10846,0.21543,0.00576,0.10846,0.21543,0.00576
78,3.250000,right,7,pinky_mcp,0.11709,0.15324,0.01167,0.11709,0.15324,0.01167
78,3.250000,right,8,pinky_pip,0.11686,0.16913,0.00023,0.11686,0.16913,0.00023
78,3.250000,right,9,pinky_dip,0.11594,0.17357,-0.01371,0.11594,0.17357,-0.01371
78,3.250000,right,10,ring_mcp,0.10861,0.16850,0.02548,0.10861,0.16850,0.02548
78,3.250000,right,11,ring_pip,0.11854,0.19171,0.01451,0.11854,0.19171,0.01451
78,3.250000,right,12,ring_dip,0.11145,0.19455,-0.00716,0.11145,0.19455,-0.00716
78,3.250000,right,13,thumb_cmc,0.03564,0.13916,0.01467,0.03564,0.13916,0.01467
78,3.250000,right,14,thumb_mcp,0.03524,0.16823,0.00755,0.03524,0.16823,0.00755
78,3.250000,right,15,thumb_ip,0.04759,0.18505,-0.00605,0.04759,0.18505,-0.00605
78,3.250000,right,16,index_tip,0.08173,0.22417,-0.00792,0.08173,0.22417,-0.00792
78,3.250000,right,17,middle_tip,0.08548,0.20307,-0.01569,0.08548,0.20307,-0.01569
78,3.250000,right,18,pinky_tip,0.09781,0.16224,-0.01605,0.09781,0.16224,-0.01605
78,3.250000,right,19,ring_tip,0.08643,0.17539,-0.01589,0.08643,0.17539,-0.01589
78,3.250000,right,20,thumb_tip,0.07268,0.20445,-0.02408,0.07268,0.20445,-0.02408
79,3.291667,right,0,wrist,0.05367,0.11327,0.01401,0.05367,0.11327,0.01401
79,3.291667,right,1,index_mcp,0.06876,0.19952,0.03851,0.06876,0.19952,0.03851
79,3.291667,right,2,index_pip,0.07955,0.22502,0.02611,0.07955,0.22502,0.02611
79,3.291667,right,3,index_dip,0.08087,0.23356,0.00626,0.08087,0.23356,0.00626
79,3.291667,right,4,middle_mcp,0.09360,0.19612,0.03692,0.09360,0.19612,0.03692
79,3.291667,right,5,middle_pip,0.10949,0.21961,0.02594,0.10949,0.21961,0.02594
79,3.291667,right,6,middle_dip,0.10924,0.22463,0.00378,0.10924,0.22463,0.00378
79,3.291667,right,7,pinky_mcp,0.11860,0.16338,0.01094,0.11860,0.16338,0.01094
79,3.291667,right,8,pinky_pip,0.11816,0.17830,-0.00113,0.11816,0.17830,-0.00113
79,3.291667,right,9,pinky_dip,0.11634,0.18243,-0.01524,0.11634,0.18243,-0.01524
79,3.291667,right,10,ring_mcp,0.11001,0.17827,0.02444,0.11001,0.17827,0.02444
79,3.291667,right,11,ring_pip,0.11957,0.20147,0.01279,0.11957,0.20147,0.01279
79,3.291667,right,12,ring_dip,0.11198,0.20300,-0.00869,0.11198,0.20300,-0.00869
79,3.291667,right,13,thumb_cmc,0.03716,0.14798,0.01318,0.03716,0.14798,0.01318
79,3.291667,right,14,thumb_mcp,0.03632,0.17673,0.00558,0.03632,0.17673,0.00558
79,3.291667,right,15,thumb_ip,0.04895,0.19353,-0.00837,0.04895,0.19353,-0.00837
79,3.291667,right,16,index_tip,0.08257,0.23290,-0.01009,0.08257,0.23290,-0.01009
79,3.291667,right,17,middle_tip,0.08652,0.21174,-0.01774,0.08652,0.21174,-0.01774
79,3.291667,right,18,pinky_tip,0.09849,0.16984,-0.01705,0.09849,0.16984,-0.01705
79,3.291667,right,19,ring_tip,0.08727,0.18310,-0.01665,0.08727,0.18310,-0.01665
79,3.291667,right,20,thumb_tip,0.07458,0.21237,-0.02611,0.07458,0.21237,-0.02611
80,3.333333,right,0,wrist,0.05578,0.11910,0.01252,0.05578,0.11910,0.01252
80,3.333333,right,1,index_mcp,0.07022,0.20548,0.03649,0.07022,0.20548,0.03649
80,3.333333,right,2,index_pip,0.08051,0.23122,0.02351,0.08051,0.23122,0.02351
80,3.333333,right,3,index_dip,0.08216,0.23972,0.00344,0.08216,0.23972,0.00344
80,3.333333,right,4,middle_mcp,0.09518,0.20328,0.03514,0.09518,0.20328,0.03514
80,3.333333,right,5,middle_pip,0.11085,0.22592,0.02340,0.11085,0.22592,0.02340
80,3.333333,right,6,middle_dip,0.11011,0.23065,0.00052,0.11011,0.23065,0.00052
80,3.333333,right,7,pinky_mcp,0.12021,0.17019,0.00968,0.12021,0.17019,0.00968
80,3.333333,right,8,pinky_pip,0.11971,0.18457,-0.00345,0.11971,0.18457,-0.00345
80,3.333333,right,9,pinky_dip,0.11696,0.18790,-0.01740,0.11696,0.18790,-0.01740
80,3.333333,right,10,ring_mcp,0.11120,0.18454,0.02244,0.11120,0.18454,0.02244
80,3.333333,right,11,ring_pip,0.12074,0.20793,0.01012,0.12074,0.20793,0.01012
80,3.333333,right,12,ring_dip,0.11299,0.20836,-0.01101,0.11299,0.20836,-0.01101
80,3.333333,right,13,thumb_cmc,0.03899,0.15386,0.01147,0.03899,0.15386,0.01147
80,3.333333,right,14,thumb_mcp,0.03774,0.18216,0.00322,0.03774,0.18216,0.00322
80,3.333333,right,15,thumb_ip,0.04990,0.19885,-0.01109,0.04990,0.19885,-0.01109
80,3.333333,right,16,index_tip,0.08366,0.23872,-0.01268,0.08366,0.23872,-0.01268
80,3.333333,right,17,middle_tip,0.08783,0.21755,-0.02040,0.08783,0.21755,-0.02040
80,3.333333,right,18,pinky_tip,0.09958,0.17469,-0.01857,0.09958,0.17469,-0.01857
80,3.333333,right,19,ring_tip,0.08853,0.18797,-0.01845,0.08853,0.18797,-0.01845
80,3.333333,right,20,thumb_tip,0.07636,0.21743,-0.02858,0.07636,0.21743,-0.02858
81,3.375000,right,0,wrist,0.05963,0.12771,0.01268,0.05963,0.12771,0.01268
81,3.375000,right,1,index_mcp,0.07222,0.21435,0.03482,0.07222,0.21435,0.03482
81,3.375000,right,2,index_pip,0.08322,0.23995,0.02122,0.08322,0.23995,0.02122
81,3.375000,right,3,index_dip,0.08396,0.24849,0.00131,0.08396,0.24849,0.00131
81,3.375000,right,4,middle_mcp,0.09777,0.21278,0.03408,0.09777,0.21278,0.03408
81,3.375000,right,5,middle_pip,0.11283,0.23543,0.02148,0.11283,0.23543,0.02148
81,3.375000,right,6,middle_dip,0.11160,0.24002,-0.00067,0.11160,0.24002,-0.00067
81,3.375000,right,7,pinky_mcp,0.12351,0.17867,0.00907,0.12351,0.17867,0.00907
81,3.375000,right,8,pinky_pip,0.12204,0.19372,-0.00508,0.12204,0.19372,-0.00508
81,3.375000,right,9,pinky_dip,0.12024,0.19709,-0.01860,0.12024,0.19709,-0.01860
81,3.375000,right,10,ring_mcp,0.11412,0.19423,0.02154,0.11412,0.19423,0.02154
81,3.375000,right,11,ring_pip,0.12288,0.21642,0.00876,0.12288,0.21642,0.00876
81,3.375000,right,12,ring_dip,0.11565,0.21765,-0.01310,0.11565,0.21765,-0.01310
81,3.375000,right,13,thumb_cmc,0.04262,0.16200,0.01119,0.04262,0.16200,0.01119
81,3.375000,right,14,thumb_mcp,0.04026,0.19035,0.00213,0.04026,0.19035,0.00213
81,3.375000,right,15,thumb_ip,0.05338,0.20707,-0.01254,0.05338,0.20707,-0.01254
81,3.375000,right,16,index_tip,0.08579,0.24753,-0.01490,0.08579,0.24753,-0.01490
81,3.375000,right,17,middle_tip,0.09045,0.22552,-0.02200,0.09045,0.22552,-0.02200
81,3.375000,right,18,pinky_tip,0.10232,0.18349,-0.01973,0.10232,0.18349,-0.01973
81,3.375000,right,19,ring_tip,0.09037,0.19589,-0.02014,0.09037,0.19589,-0.02014
81,3.375000,right,20,thumb_tip,0.07935,0.22518,-0.03130,0.07935,0.22518,-0.03130
82,3.416667,right,0,wrist,0.05978,0.13721,0.01114,0.05979,0.13721,0.01113
82,3.416667,right,1,index_mcp,0.07113,0.22461,0.03256,0.07114,0.22461,0.03255
82,3.416667,right,2,index_pip,0.08202,0.24969,0.01926,0.08202,0.24969,0.01925
82,3.416667,right,3,index_dip,0.08280,0.25823,-0.00068,0.08280,0.25823,-0.00069
82,3.416667,right,4,middle_mcp,0.09651,0.22228,0.03166,0.09651,0.22228,0.03166
82,3.416667,right,5,middle_pip,0.11151,0.24573,0.01925,0.11151,0.24573,0.01925
82,3.416667,right,6,middle_dip,0.11061,0.24975,-0.00284,0.11061,0.24975,-0.00284
82,3.416667,right,7,pinky_mcp,0.12297,0.18902,0.00709,0.12297,0.18902,0.00709
82,3.416667,right,8,pinky_pip,0.12133,0.20366,-0.00690,0.12133,0.20366,-0.00691
82,3.416667,right,9,pinky_dip,0.11896,0.20657,-0.02025,0.11896,0.20657,-0.02025
82,3.416667,right,10,ring_mcp,0.11322,0.20451,0.02009,0.11322,0.20451,0.02009
82,3.416667,right,11,ring_pip,0.12217,0.22662,0.00629,0.12217,0.22662,0.00629
82,3.416667,right,12,ring_dip,0.11430,0.22691,-0.01521,0.11430,0.22691,-0.01521
82,3.416667,right,13,thumb_cmc,0.04216,0.17099,0.00889,0.04216,0.17099,0.00889
82,3.416667,right,14,thumb_mcp,0.03984,0.19955,0.00003,0.03984,0.19955,0.00003
82,3.416667,right,15,thumb_ip,0.05315,0.21619,-0.01498,0.05315,0.21619,-0.01498
82,3.416667,right,16,index_tip,0.08497,0.25700,-0.01728,0.08497,0.25700,-0.01728
82,3.416667,right,17,middle_tip,0.08950,0.23442,-0.02435,0.08950,0.23442,-0.02435
82,3.416667,right,18,pinky_tip,0.10121,0.19262,-0.02103,0.10121,0.19262,-0.02103
82,3.416667,right,19,ring_tip,0.08982,0.20471,-0.02133,0.08982,0.20471,-0.02133
82,3.416667,right,20,thumb_tip,0.07898,0.23414,-0.03387,0.07898,0.23414,-0.03387
83,3.458333,right,0,wrist,0.06052,0.14467,0.00945,0.06052,0.14467,0.00943
83,3.458333,right,1,index_mcp,0.07084,0.23239,0.03072,0.07084,0.23239,0.03070
83,3.458333,right,2,index_pip,0.08145,0.25733,0.01734,0.08145,0.25733,0.01732
83,3.458333,right,3,index_dip,0.08241,0.26594,-0.00284,0.08241,0.26594,-0.00285
83,3.458333,right,4,middle_mcp,0.09600,0.23031,0.02991,0.09601,0.23030,0.02989
83,3.458333,right,5,middle_pip,0.11093,0.25377,0.01735,0.11093,0.25377,0.01734
83,3.458333,right,6,middle_dip,0.11016,0.25738,-0.00485,0.11017,0.25737,-0.00487
83,3.458333,right,7,pinky_mcp,0.12321,0.19783,0.00588,0.12321,0.19783,0.00586
83,3.458333,right,8,pinky_pip,0.12117,0.21145,-0.00847,0.12118,0.21144,-0.00849
83,3.458333,right,9,pinky_dip,0.11843,0.21419,-0.02171,0.11844,0.21418,-0.02173
83,3.458333,right,10,ring_mcp,0.11316,0.21261,0.01869,0.11317,0.21261,0.01867
83,3.458333,right,11,ring_pip,0.12169,0.23466,0.00389,0.12169,0.23466,0.00388
83,3.458333,right,12,ring_dip,0.11351,0.23390,-0.01711,0.11351,0.23390,-0.01713
83,3.458333,right,13,thumb_cmc,0.04230,0.17822,0.00679,0.04230,0.17822,0.00678
83,3.458333,right,14,thumb_mcp,0.04000,0.20661,-0.00233,0.04001,0.20660,-0.00234
83,3.458333,right,15,thumb_ip,0.05335,0.22336,-0.01732,0.05335,0.22335,-0.01733
83,3.458333,right,16,index_tip,0.08494,0.26464,-0.01924,0.08494,0.26464,-0.01926
83,3.458333,right,17,middle_tip,0.08946,0.24194,-0.02644,0.08946,0.24194,-0.02645
83,3.458333,right,18,pinky_tip,0.10072,0.19973,-0.02188,0.10072,0.19973,-0.02190
83,3.458333,right,19,ring_tip,0.08978,0.21192,-0.02296,0.08978,0.21192,-0.02297
83,3.458333,right,20,thumb_tip,0.07954,0.24131,-0.03615,0.07955,0.24131,-0.03617
84,3.500000,right,0,wrist,0.06155,0.15058,0.00706,0.06158,0.15056,0.00697
84,3.500000,right,1,index_mcp,0.07189,0.23809,0.02874,0.07191,0.23807,0.02864
84,3.500000,right,2,index_pip,0.08242,0.26319,0.01503,0.08244,0.26317,0.01493
84,3.500000,right,3,index_dip,0.08353,0.27189,-0.00539,0.08356,0.27187,-0.00548
84,3.500000,right,4,middle_mcp,0.09692,0.23673,0.02813,0.09693,0.23671,0.02803
84,3.500000,right,5,middle_pip,0.11184,0.25968,0.01510,0.11185,0.25966,0.01500
84,3.500000,right,6,middle_dip,0.11102,0.26311,-0.00733,0.11105,0.26309,-0.00743
84,3.500000,right,7,pinky_mcp,0.12429,0.20425,0.00446,0.12431,0.20423,0.00436
84,3.500000,right,8,pinky_pip,0.12187,0.21707,-0.01061,0.12190,0.21706,-0.01070
84,3.500000,right,9,pinky_dip,0.11902,0.22001,-0.02385,0.11903,0.21999,-0.02395
84,3.500000,right,10,ring_mcp,0.11433,0.21859,0.01659,0.11435,0.21857,0.01649
84,3.500000,right,11,ring_pip,0.12217,0.24048,0.00092,0.12220,0.24047,0.00082
84,3.500000,right,12,ring_dip,0.11380,0.23890,-0.01964,0.11382,0.23888,-0.01974
84,3.500000,right,13,thumb_cmc,0.04319,0.18434,0.00468,0.04322,0.18432,0.00458
84,3.500000,right,14,thumb_mcp,0.04110,0.21232,-0.00505,0.04111,0.21230,-0.00515
84,3.500000,right,15,thumb_ip,0.05445,0.22920,-0.01976,0.05447,0.22918,-0.01986
84,3.500000,right,16,index_tip,0.08636,0.27077,-0.02138,0.08638,0.27076,-0.02148
84,3.500000,right,17,middle_tip,0.09067,0.24811,-0.02873,0.09069,0.24809,-0.02882
84,3.500000,right,18,pinky_tip,0.10112,0.20522,-0.02334,0.10115,0.20520,-0.02343
84,3.500000,right,19,ring_tip,0.09045,0.21762,-0.02544,0.09047,0.21760,-0.02553
84,3.500000,right,20,thumb_tip,0.08115,0.24705,-0.03869,0.08117,0.24703,-0.03878
85,3.541667,right,0,wrist,0.06087,0.15770,0.00343,0.06097,0.15765,0.00306
85,3.541667,right,1,index_mcp,0.07206,0.24567,0.02253,0.07215,0.24562,0.02216
85,3.541667,right,2,index_pip,0.08226,0.27090,0.00854,0.08235,0.27085,0.00817
85,3.541667,right,3,index_dip,0.08399,0.27849,-0.01100,0.08408,0.27844,-0.01137
85,3.541667,right,4,middle_mcp,0.09710,0.24365,0.02241,0.09719,0.24360,0.02204
85,3.541667,right,5,middle_pip,0.11202,0.26648,0.00908,0.11211,0.26643,0.00871
85,3.541667,right,6,middle_dip,0.11174,0.26940,-0.01315,0.11182,0.26934,-0.01352
85,3.541667,right,7,pinky_mcp,0.12432,0.21029,-0.00068,0.12440,0.21024,-0.00106
85,3.541667,right,8,pinky_pip,0.12186,0.22365,-0.01538,0.12195,0.22359,-0.01575
85,3.541667,right,9,pinky_dip,0.11974,0.22513,-0.02919,0.11983,0.22507,-0.02956
85,3.541667,right,10,ring_mcp,0.11421,0.22498,0.01146,0.11429,0.22492,0.01109
85,3.541667,right,11,ring_pip,0.12225,0.24695,-0.00475,0.12233,0.24688,-0.00512
85,3.541667,right,12,ring_dip,0.11445,0.24441,-0.02600,0.11454,0.24436,-0.02637
85,3.541667,right,13,thumb_cmc,0.04277,0.19160,-0.00003,0.04287,0.19154,-0.00040
85,3.541667,right,14,thumb_mcp,0.04129,0.21960,-0.01065,0.04139,0.21955,-0.01102
85,3.541667,right,15,thumb_ip,0.05449,0.23535,-0.02557,0.05458,0.23529,-0.02594
85,3.541667,right,16,index_tip,0.08617,0.27893,-0.02793,0.08625,0.27887,-0.02830
85,3.541667,right,17,middle_tip,0.09260,0.25601,-0.03438,0.09269,0.25596,-0.03475
85,3.541667,right,18,pinky_tip,0.09944,0.20960,-0.02867,0.09954,0.20955,-0.02904
85,3.541667,right,19,ring_tip,0.09030,0.22413,-0.03035,0.09039,0.22407,-0.03071
85,3.541667,right,20,thumb_tip,0.08183,0.25230,-0.04412,0.08192,0.25224,-0.04449
86,3.583333,right,0,wrist,0.06202,0.16452,0.00122,0.06228,0.16438,0.00019
86,3.583333,right,1,index_mcp,0.07013,0.25262,0.01955,0.07038,0.25248,0.01853
86,3.583333,right,2,index_pip,0.08051,0.27849,0.00596,0.08076,0.27835,0.00493
86,3.583333,right,3,index_dip,0.08223,0.28592,-0.01337,0.08248,0.28578,-0.01441
86,3.583333,right,4,middle_mcp,0.09566,0.25184,0.02043,0.09591,0.25170,0.01940
86,3.583333,right,5,middle_pip,0.10980,0.27444,0.00647,0.11006,0.27430,0.00544
86,3.583333,right,6,middle_dip,0.10969,0.27776,-0.01525,0.10994,0.27762,-0.01628
86,3.583333,right,7,pinky_mcp,0.12353,0.21814,-0.00201,0.12379,0.21800,-0.00304
86,3.583333,right,8,pinky_pip,0.12214,0.23214,-0.01671,0.12240,0.23199,-0.01773
86,3.583333,right,9,pinky_dip,0.11822,0.23381,-0.03140,0.11848,0.23366,-0.03243
86,3.583333,right,10,ring_mcp,0.11220,0.23292,0.00970,0.11245,0.23278,0.00867
86,3.583333,right,11,ring_pip,0.12088,0.25376,-0.00729,0.12113,0.25362,-0.00832
86,3.583333,right,12,ring_dip,0.11261,0.25205,-0.02807,0.11286,0.25191,-0.02910
86,3.583333,right,13,thumb_cmc,0.04322,0.19769,-0.00279,0.04347,0.19755,-0.00382
86,3.583333,right,14,thumb_mcp,0.04164,0.22533,-0.01406,0.04189,0.22518,-0.01509
86,3.583333,right,15,thumb_ip,0.05367,0.24184,-0.02902,0.05393,0.24171,-0.03004
86,3.583333,right,16,index_tip,0.08545,0.28578,-0.03007,0.08570,0.28564,-0.03110
86,3.583333,right,17,middle_tip,0.09137,0.26217,-0.03824,0.09162,0.26203,-0.03928
86,3.583333,right,18,pinky_tip,0.10177,0.21866,-0.02923,0.10202,0.21852,-0.03026
86,3.583333,right,19,ring_tip,0.08980,0.23139,-0.03349,0.09005,0.23125,-0.03452
86,3.583333,right,20,thumb_tip,0.08156,0.26057,-0.04765,0.08181,0.26043,-0.04868
87,3.625000,right,0,wrist,0.06149,0.17156,0.00033,0.06201,0.17131,-0.00184
87,3.625000,right,1,index_mcp,0.06801,0.26049,0.01768,0.06854,0.26024,0.01550
87,3.625000,right,2,index_pip,0.07777,0.28586,0.00417,0.07830,0.28562,0.00199
87,3.625000,right,3,index_dip,0.07979,0.29330,-0.01548,0.08032,0.29304,-0.01765
87,3.625000,right,4,middle_mcp,0.09365,0.25904,0.01792,0.09418,0.25878,0.01575
87,3.625000,right,5,middle_pip,0.10739,0.28220,0.00418,0.10792,0.28195,0.00201
87,3.625000,right,6,middle_dip,0.10743,0.28504,-0.01753,0.10796,0.28479,-0.01970
87,3.625000,right,7,pinky_mcp,0.12269,0.22609,-0.00370,0.12321,0.22585,-0.00587
87,3.625000,right,8,pinky_pip,0.12046,0.23957,-0.01879,0.12100,0.23932,-0.02096
87,3.625000,right,9,pinky_dip,0.11627,0.24074,-0.03308,0.11680,0.24049,-0.03525
87,3.625000,right,10,ring_mcp,0.11209,0.24124,0.00763,0.11261,0.24099,0.00546
87,3.625000,right,11,ring_pip,0.11874,0.26166,-0.00948,0.11927,0.26142,-0.01165
87,3.625000,right,12,ring_dip,0.11058,0.25920,-0.03000,0.11112,0.25894,-0.03217
87,3.625000,right,13,thumb_cmc,0.04239,0.20433,-0.00435,0.04292,0.20409,-0.00653
87,3.625000,right,14,thumb_mcp,0.04008,0.23185,-0.01565,0.04060,0.23161,-0.01782
87,3.625000,right,15,thumb_ip,0.05199,0.24825,-0.03098,0.05252,0.24801,-0.03315
87,3.625000,right,16,index_tip,0.08305,0.29298,-0.03223,0.08359,0.29272,-0.03441
87,3.625000,right,17,middle_tip,0.08927,0.26932,-0.04010,0.08979,0.26908,-0.04227
87,3.625000,right,18,pinky_tip,0.10034,0.22541,-0.03091,0.10087,0.22516,-0.03308
87,3.625000,right,19,ring_tip,0.08852,0.23799,-0.03443,0.08906,0.23774,-0.03661
87,3.625000,right,20,thumb_tip,0.07952,0.26715,-0.04963,0.08005,0.26691,-0.05180
88,3.666667,right,0,wrist,0.06080,0.17634,0.00018,0.06169,0.17599,-0.00350
88,3.666667,right,1,index_mcp,0.06693,0.26561,0.01657,0.06781,0.26524,0.01289
88,3.666667,right,2,index_pip,0.07623,0.29087,0.00282,0.07711,0.29051,-0.00087
88,3.666667,right,3,index_dip,0.07834,0.29811,-0.01721,0.07921,0.29775,-0.02089
88,3.666667,right,4,middle_mcp,0.09240,0.26431,0.01650,0.09330,0.26394,0.01281
88,3.666667,right,5,middle_pip,0.10609,0.28729,0.00256,0.10697,0.28692,-0.00112
88,3.666667,right,6,middle_dip,0.10605,0.28986,-0.01944,0.10694,0.28949,-0.02312
88,3.666667,right,7,pinky_mcp,0.12189,0.23135,-0.00468,0.12277,0.23099,-0.00837
88,3.666667,right,8,pinky_pip,0.11939,0.24432,-0.02014,0.12027,0.24396,-0.02382
88,3.666667,right,9,pinky_dip,0.11505,0.24517,-0.03452,0.11594,0.24481,-0.03820
88,3.666667,right,10,ring_mcp,0.11127,0.24673,0.00643,0.11216,0.24637,0.00275
88,3.666667,right,11,ring_pip,0.11752,0.26681,-0.01113,0.11840,0.26644,-0.01481
88,3.666667,right,12,ring_dip,0.10926,0.26356,-0.03140,0.11014,0.26319,-0.03508
88,3.666667,right,13,thumb_cmc,0.04150,0.20892,-0.00488,0.04238,0.20856,-0.00856
88,3.666667,right,14,thumb_mcp,0.03879,0.23625,-0.01655,0.03967,0.23588,-0.02023
88,3.666667,right,15,thumb_ip,0.05074,0.25250,-0.03217,0.05163,0.25213,-0.03585
88,3.666667,right,16,index_tip,0.08152,0.29770,-0.03390,0.08241,0.29733,-0.03758
88,3.666667,right,17,middle_tip,0.08782,0.27393,-0.04154,0.08871,0.27357,-0.04522
88,3.666667,right,18,pinky_tip,0.09930,0.22966,-0.03179,0.10018,0.22929,-0.03547
88,3.666667,right,19,ring_tip,0.08756,0.24233,-0.03535,0.08845,0.24196,-0.03904
88,3.666667,right,20,thumb_tip,0.07833,0.27124,-0.05118,0.07921,0.27088,-0.05487
89,3.708333,right,0,wrist,0.06041,0.18058,-0.00071,0.06167,0.18014,-0.00600
89,3.708333,right,1,index_mcp,0.06670,0.26969,0.01528,0.06796,0.26925,0.00999
89,3.708333,right,2,index_pip,0.07572,0.29526,0.00116,0.07698,0.29482,-0.00412
89,3.708333,right,3,index_dip,0.07765,0.30228,-0.01907,0.07891,0.30182,-0.02436
89,3.708333,right,4,middle_mcp,0.09187,0.26923,0.01514,0.09313,0.26878,0.00985
89,3.708333,right,5,middle_pip,0.10560,0.29176,0.00088,0.10687,0.29131,-0.00441
89,3.708333,right,6,middle_dip,0.10538,0.29429,-0.02157,0.10664,0.29384,-0.02686
89,3.708333,right,7,pinky_mcp,0.12134,0.23587,-0.00605,0.12260,0.23543,-0.01133
89,3.708333,right,8,pinky_pip,0.11894,0.24847,-0.02171,0.12020,0.24803,-0.02700
89,3.708333,right,9,pinky_dip,0.11462,0.24926,-0.03653,0.11588,0.24881,-0.04182
89,3.708333,right,10,ring_mcp,0.11003,0.25117,0.00515,0.11129,0.25073,-0.00014
89,3.708333,right,11,ring_pip,0.11713,0.27124,-0.01294,0.11840,0.27079,-0.01823
89,3.708333,right,12,ring_dip,0.10863,0.26739,-0.03316,0.10989,0.26695,-0.03845
89,3.708333,right,13,thumb_cmc,0.04088,0.21318,-0.00574,0.04215,0.21273,-0.01103
89,3.708333,right,14,thumb_mcp,0.03801,0.24024,-0.01781,0.03929,0.23978,-0.02309
89,3.708333,right,15,thumb_ip,0.05007,0.25643,-0.03356,0.05134,0.25597,-0.03885
89,3.708333,right,16,index_tip,0.08077,0.30188,-0.03570,0.08204,0.30143,-0.04097
89,3.708333,right,17,middle_tip,0.08704,0.27804,-0.04322,0.08831,0.27758,-0.04851
89,3.708333,right,18,pinky_tip,0.09886,0.23354,-0.03308,0.10012,0.23309,-0.03837
89,3.708333,right,19,ring_tip,0.08702,0.24631,-0.03702,0.08828,0.24586,-0.04230
89,3.708333,right,20,thumb_tip,0.07780,0.27491,-0.05306,0.07907,0.27446,-0.05835
90,3.750000,right,0,wrist,0.06254,0.17731,-0.00004,0.06421,0.17667,-0.00681
90,3.750000,right,1,index_mcp,0.06868,0.26640,0.01446,0.07034,0.26576,0.00770
90,3.750000,right,2,index_pip,0.07805,0.29198,-0.00034,0.07972,0.29134,-0.00711
90,3.750000,right,3,index_dip,0.07988,0.29861,-0.02062,0.08154,0.29797,-0.02739
90,3.750000,right,4,middle_mcp,0.09454,0.26632,0.01393,0.09621,0.26568,0.00717
90,3.750000,right,5,middle_pip,0.10784,0.28920,-0.00051,0.10951,0.28856,-0.00727
90,3.750000,right,6,middle_dip,0.10667,0.29155,-0.02301,0.10833,0.29090,-0.02977
90,3.750000,right,7,pinky_mcp,0.12260,0.23192,-0.00691,0.12426,0.23128,-0.01367
90,3.750000,right,8,pinky_pip,0.11946,0.24521,-0.02313,0.12112,0.24456,-0.02990
90,3.750000,right,9,pinky_dip,0.11776,0.24546,-0.03620,0.11943,0.24482,-0.04296
90,3.750000,right,10,ring_mcp,0.11154,0.24754,0.00411,0.11321,0.24690,-0.00266
90,3.750000,right,11,ring_pip,0.11851,0.26751,-0.01454,0.12017,0.26687,-0.02130
90,3.750000,right,12,ring_dip,0.11040,0.26443,-0.03428,0.11208,0.26379,-0.04105
90,3.750000,right,13,thumb_cmc,0.04315,0.21010,-0.00508,0.04481,0.20946,-0.01184
90,3.750000,right,14,thumb_mcp,0.04011,0.23659,-0.01734,0.04178,0.23595,-0.02411
90,3.750000,right,15,thumb_ip,0.05240,0.25315,-0.03419,0.05407,0.25251,-0.04095
90,3.750000,right,16,index_tip,0.08160,0.29600,-0.03847,0.08327,0.29535,-0.04523
90,3.750000,right,17,middle_tip,0.08837,0.27488,-0.04435,0.09004,0.27423,-0.05111
90,3.750000,right,18,pinky_tip,0.09994,0.22908,-0.03344,0.10160,0.22843,-0.04020
90,3.750000,right,19,ring_tip,0.08757,0.24272,-0.03912,0.08924,0.24208,-0.04588
90,3.750000,right,20,thumb_tip,0.07890,0.27103,-0.05342,0.08057,0.27039,-0.06019
91,3.791667,right,0,wrist,0.06283,0.18256,-0.00010,0.06483,0.18193,-0.00821
91,3.791667,right,1,index_mcp,0.06884,0.27194,0.01317,0.07084,0.27129,0.00506
91,3.791667,right,2,index_pip,0.07770,0.29708,-0.00152,0.07970,0.29644,-0.00962
91,3.791667,right,3,index_dip,0.07960,0.30407,-0.02138,0.08161,0.30343,-0.02948
91,3.791667,right,4,middle_mcp,0.09443,0.27134,0.01259,0.09643,0.27071,0.00449
91,3.791667,right,5,middle_pip,0.10767,0.29449,-0.00184,0.10967,0.29385,-0.00995
91,3.791667,right,6,middle_dip,0.10681,0.29631,-0.02405,0.10882,0.29567,-0.03216
91,3.791667,right,7,pinky_mcp,0.12296,0.23726,-0.00842,0.12496,0.23662,-0.01653
91,3.791667,right,8,pinky_pip,0.11962,0.25031,-0.02418,0.12162,0.24967,-0.03228
91,3.791667,right,9,pinky_dip,0.11751,0.25018,-0.03721,0.11951,0.24954,-0.04531
91,3.791667,right,10,ring_mcp,0.11237,0.25316,0.00291,0.11438,0.25252,-0.00519
91,3.791667,right,11,ring_pip,0.11841,0.27297,-0.01565,0.12041,0.27233,-0.02375
91,3.791667,right,12,ring_dip,0.11015,0.26918,-0.03533,0.11215,0.26853,-0.04344
91,3.791667,right,13,thumb_cmc,0.04325,0.21496,-0.00566,0.04525,0.21432,-0.01377
91,3.791667,right,14,thumb_mcp,0.04021,0.24170,-0.01790,0.04221,0.24106,-0.02600
91,3.791667,right,15,thumb_ip,0.05228,0.25815,-0.03503,0.05429,0.25751,-0.04313
91,3.791667,right,16,index_tip,0.08174,0.30119,-0.03947,0.08374,0.30055,-0.04758
91,3.791667,right,17,middle_tip,0.08826,0.27981,-0.04501,0.09027,0.27917,-0.05311
91,3.791667,right,18,pinky_tip,0.09990,0.23396,-0.03407,0.10191,0.23332,-0.04217
91,3.791667,right,19,ring_tip,0.08770,0.24715,-0.03944,0.08971,0.24651,-0.04755
91,3.791667,right,20,thumb_tip,0.07845,0.27552,-0.05422,0.08045,0.27488,-0.06232
92,3.833333,right,0,wrist,0.06378,0.18530,-0.00025,0.06610,0.18465,-0.00950
92,3.833333,right,1,index_mcp,0.07038,0.27480,0.01282,0.07268,0.27415,0.00357
92,3.833333,right,2,index_pip,0.07910,0.29968,-0.00186,0.08141,0.29903,-0.01111
92,3.833333,right,3,index_dip,0.08108,0.30700,-0.02170,0.08339,0.30636,-0.03094
92,3.833333,right,4,middle_mcp,0.09564,0.27401,0.01218,0.09795,0.27336,0.00294
92,3.833333,right,5,middle_pip,0.10903,0.29695,-0.00225,0.11134,0.29630,-0.01150
92,3.833333,right,6,middle_dip,0.10830,0.29876,-0.02446,0.11062,0.29811,-0.03370
92,3.833333,right,7,pinky_mcp,0.12436,0.24024,-0.00876,0.12667,0.23958,-0.01800
92,3.833333,right,8,pinky_pip,0.12105,0.25273,-0.02454,0.12336,0.25208,-0.03378
92,3.833333,right,9,pinky_dip,0.11884,0.25267,-0.03769,0.12115,0.25202,-0.04693
92,3.833333,right,10,ring_mcp,0.11381,0.25583,0.00251,0.11612,0.25518,-0.00673
92,3.833333,right,11,ring_pip,0.11982,0.27568,-0.01604,0.12212,0.27503,-0.02528
92,3.833333,right,12,ring_dip,0.11159,0.27180,-0.03550,0.11391,0.27115,-0.04474
92,3.833333,right,13,thumb_cmc,0.04419,0.21774,-0.00592,0.04649,0.21709,-0.01516
92,3.833333,right,14,thumb_mcp,0.04122,0.24444,-0.01827,0.04352,0.24379,-0.02752
92,3.833333,right,15,thumb_ip,0.05325,0.26091,-0.03554,0.05556,0.26026,-0.04478
92,3.833333,right,16,index_tip,0.08337,0.30395,-0.03969,0.08568,0.30330,-0.04893
92,3.833333,right,17,middle_tip,0.08959,0.28256,-0.04540,0.09190,0.28192,-0.05464
92,3.833333,right,18,pinky_tip,0.10126,0.23666,-0.03441,0.10357,0.23602,-0.04365
92,3.833333,right,19,ring_tip,0.08913,0.24997,-0.03985,0.09144,0.24932,-0.04909
92,3.833333,right,20,thumb_tip,0.07983,0.27781,-0.05451,0.08214,0.27716,-0.06376
93,3.875000,right,0,wrist,0.06546,0.18665,-0.00117,0.06800,0.18598,-0.01119
93,3.875000,right,1,index_mcp,0.07290,0.27627,0.01208,0.07545,0.27562,0.00207
93,3.875000,right,2,index_pip,0.08178,0.30098,-0.00286,0.08432,0.30033,-0.01288
93,3.875000,right,3,index_dip,0.08384,0.30849,-0.02296,0.08639,0.30783,-0.03298
93,3.875000,right,4,middle_mcp,0.09801,0.27563,0.01143,0.10056,0.27497,0.00141
93,3.875000,right,5,middle_pip,0.11161,0.29795,-0.00326,0.11417,0.29729,-0.01329
93,3.875000,right,6,middle_dip,0.11076,0.30004,-0.02571,0.11331,0.29938,-0.03573
93,3.875000,right,7,pinky_mcp,0.12649,0.24190,-0.00914,0.12904,0.24123,-0.01916
93,3.875000,right,8,pinky_pip,0.12339,0.25374,-0.02552,0.12594,0.25308,-0.03554
93,3.875000,right,9,pinky_dip,0.12133,0.25393,-0.03890,0.12388,0.25328,-0.04893
93,3.875000,right,10,ring_mcp,0.11572,0.25688,0.00161,0.11827,0.25621,-0.00841
93,3.875000,right,11,ring_pip,0.12232,0.27690,-0.01710,0.12486,0.27623,-0.02712
93,3.875000,right,12,ring_dip,0.11425,0.27323,-0.03631,0.11679,0.27257,-0.04632
93,3.875000,right,13,thumb_cmc,0.04601,0.21949,-0.00662,0.04856,0.21883,-0.01664
93,3.875000,right,14,thumb_mcp,0.04297,0.24573,-0.01939,0.04552,0.24507,-0.02941
93,3.875000,right,15,thumb_ip,0.05500,0.26227,-0.03675,0.05755,0.26162,-0.04677
93,3.875000,right,16,index_tip,0.08588,0.30526,-0.04057,0.08842,0.30460,-0.05059
93,3.875000,right,17,middle_tip,0.09184,0.28409,-0.04676,0.09440,0.28343,-0.05678
93,3.875000,right,18,pinky_tip,0.10367,0.23814,-0.03561,0.10622,0.23747,-0.04562
93,3.875000,right,19,ring_tip,0.09147,0.25200,-0.04151,0.09403,0.25134,-0.05153
93,3.875000,right,20,thumb_tip,0.08242,0.27874,-0.05549,0.08497,0.27807,-0.06550
94,3.916667,right,0,wrist,0.06589,0.18822,-0.00051,0.06855,0.18760,-0.01085
94,3.916667,right,1,index_mcp,0.07192,0.27775,0.01149,0.07457,0.27712,0.00116
94,3.916667,right,2,index_pip,0.08061,0.30295,-0.00368,0.08325,0.30232,-0.01402
94,3.916667,right,3,index_dip,0.08324,0.30952,-0.02374,0.08589,0.30889,-0.03407
94,3.916667,right,4,middle_mcp,0.09766,0.27810,0.01169,0.10030,0.27747,0.00135
94,3.916667,right,5,middle_pip,0.11120,0.30008,-0.00329,0.11384,0.29945,-0.01363
94,3.916667,right,6,middle_dip,0.11069,0.30191,-0.02655,0.11334,0.30128,-0.03688
94,3.916667,right,7,pinky_mcp,0.12636,0.24254,-0.00794,0.12902,0.24190,-0.01828
94,3.916667,right,8,pinky_pip,0.12403,0.25585,-0.02422,0.12668,0.25523,-0.03455
94,3.916667,right,9,pinky_dip,0.12286,0.25622,-0.03757,0.12551,0.25559,-0.04791
94,3.916667,right,10,ring_mcp,0.11489,0.25813,0.00204,0.11754,0.25750,-0.00830
94,3.916667,right,11,ring_pip,0.12258,0.27864,-0.01563,0.12524,0.27801,-0.02597
94,3.916667,right,12,ring_dip,0.11466,0.27530,-0.03573,0.11730,0.27467,-0.04606
94,3.916667,right,13,thumb_cmc,0.04626,0.22068,-0.00680,0.04891,0.22005,-0.01714
94,3.916667,right,14,thumb_mcp,0.04370,0.24698,-0.02032,0.04635,0.24636,-0.03066
94,3.916667,right,15,thumb_ip,0.05606,0.26210,-0.03670,0.05871,0.26146,-0.04704
94,3.916667,right,16,index_tip,0.08629,0.30605,-0.04209,0.08894,0.30542,-0.05243
94,3.916667,right,17,middle_tip,0.09285,0.28469,-0.04839,0.09551,0.28406,-0.05873
94,3.916667,right,18,pinky_tip,0.10359,0.23956,-0.03454,0.10625,0.23892,-0.04488
94,3.916667,right,19,ring_tip,0.09261,0.25336,-0.04059,0.09526,0.25273,-0.05092
94,3.916667,right,20,thumb_tip,0.08311,0.27908,-0.05691,0.08576,0.27846,-0.06725
95,3.958333,right,0,wrist,0.06620,0.18870,-0.00001,0.06886,0.18809,-0.01031
95,3.958333,right,1,index_mcp,0.07190,0.27853,0.01103,0.07456,0.27792,0.00073
95,3.958333,right,2,index_pip,0.08062,0.30352,-0.00382,0.08327,0.30290,-0.01411
95,3.958333,right,3,index_dip,0.08322,0.31018,-0.02379,0.08587,0.30955,-0.03409
95,3.958333,right,4,middle_mcp,0.09732,0.27760,0.01124,0.09997,0.27699,0.00094
95,3.958333,right,5,middle_pip,0.11113,0.30076,-0.00319,0.11378,0.30014,-0.01349
95,3.958333,right,6,middle_dip,0.11108,0.30244,-0.02597,0.11373,0.30183,-0.03627
95,3.958333,right,7,pinky_mcp,0.12673,0.24325,-0.00786,0.12938,0.24263,-0.01816
95,3.958333,right,8,pinky_pip,0.12457,0.25633,-0.02375,0.12722,0.25572,-0.03405
95,3.958333,right,9,pinky_dip,0.12339,0.25676,-0.03724,0.12604,0.25615,-0.04754
95,3.958333,right,10,ring_mcp,0.11581,0.25917,0.00236,0.11847,0.25856,-0.00795
95,3.958333,right,11,ring_pip,0.12288,0.27947,-0.01529,0.12554,0.27885,-0.02559
95,3.958333,right,12,ring_dip,0.11499,0.27579,-0.03561,0.11765,0.27518,-0.04590
95,3.958333,right,13,thumb_cmc,0.04702,0.22135,-0.00698,0.04968,0.22073,-0.01727
95,3.958333,right,14,thumb_mcp,0.04392,0.24727,-0.02048,0.04657,0.24666,-0.03078
95,3.958333,right,15,thumb_ip,0.05647,0.26269,-0.03638,0.05912,0.26207,-0.04667
95,3.958333,right,16,index_tip,0.08651,0.30653,-0.04196,0.08916,0.30591,-0.05225
95,3.958333,right,17,middle_tip,0.09356,0.28544,-0.04805,0.09621,0.28482,-0.05836
95,3.958333,right,18,pinky_tip,0.10403,0.24053,-0.03431,0.10668,0.23992,-0.04461
95,3.958333,right,19,ring_tip,0.09367,0.25382,-0.03983,0.09632,0.25320,-0.05012
95,3.958333,right,20,thumb_tip,0.08360,0.27925,-0.05623,0.08625,0.27863,-0.06654
96,4.000000,right,0,wrist,0.06655,0.18779,0.00029,0.06919,0.18715,-0.00989
96,4.000000,right,1,index_mcp,0.07251,0.27782,0.01108,0.07515,0.27719,0.00090
96,4.000000,right,2,index_pip,0.08100,0.30260,-0.00371,0.08364,0.30195,-0.01388
96,4.000000,right,3,index_dip,0.08359,0.30952,-0.02379,0.08622,0.30888,-0.03397
96,4.000000,right,4,middle_mcp,0.09774,0.27668,0.01110,0.10038,0.27605,0.00092
96,4.000000,right,5,middle_pip,0.11168,0.29984,-0.00310,0.11432,0.29920,-0.01328
96,4.000000,right,6,middle_dip,0.11159,0.30157,-0.02578,0.11423,0.30094,-0.03595
96,4.000000,right,7,pinky_mcp,0.12715,0.24267,-0.00789,0.12979,0.24203,-0.01806
96,4.000000,right,8,pinky_pip,0.12531,0.25537,-0.02369,0.12795,0.25472,-0.03386
96,4.000000,right,9,pinky_dip,0.12416,0.25616,-0.03721,0.12680,0.25552,-0.04739
96,4.000000,right,10,ring_mcp,0.11630,0.25853,0.00253,0.11893,0.25789,-0.00765
96,4.000000,right,11,ring_pip,0.12343,0.27880,-0.01525,0.12607,0.27816,-0.02543
96,4.000000,right,12,ring_dip,0.11560,0.27516,-0.03566,0.11824,0.27452,-0.04583
96,4.000000,right,13,thumb_cmc,0.04745,0.22047,-0.00689,0.05009,0.21983,-0.01706
96,4.000000,right,14,thumb_mcp,0.04411,0.24635,-0.02031,0.04675,0.24572,-0.03049
96,4.000000,right,15,thumb_ip,0.05670,0.26194,-0.03621,0.05934,0.26130,-0.04639
96,4.000000,right,16,index_tip,0.08688,0.30573,-0.04176,0.08952,0.30510,-0.05194
96,4.000000,right,17,middle_tip,0.09425,0.28501,-0.04814,0.09689,0.28438,-0.05832
96,4.000000,right,18,pinky_tip,0.10478,0.24056,-0.03490,0.10742,0.23992,-0.04508
96,4.000000,right,19,ring_tip,0.09456,0.25343,-0.03997,0.09719,0.25280,-0.05014
96,4.000000,right,20,thumb_tip,0.08426,0.27815,-0.05580,0.08689,0.27751,-0.06598
97,4.041667,right,0,wrist,0.06730,0.18624,0.00023,0.06997,0.18557,-0.00995
97,4.041667,right,1,index_mcp,0.07374,0.27630,0.01121,0.07640,0.27561,0.00103
97,4.041667,right,2,index_pip,0.08199,0.30100,-0.00379,0.08465,0.30032,-0.01398
97,4.041667,right,3,index_dip,0.08471,0.30812,-0.02404,0.08737,0.30744,-0.03422
97,4.041667,right,4,middle_mcp,0.09908,0.27606,0.01116,0.10174,0.27537,0.00099
97,4.041667,right,5,middle_pip,0.11301,0.29821,-0.00325,0.11567,0.29752,-0.01343
97,4.041667,right,6,middle_dip,0.11263,0.30009,-0.02619,0.11529,0.29940,-0.03636
97,4.041667,right,7,pinky_mcp,0.12798,0.24138,-0.00778,0.13064,0.24070,-0.01795
97,4.041667,right,8,pinky_pip,0.12645,0.25376,-0.02396,0.12911,0.25307,-0.03414
97,4.041667,right,9,pinky_dip,0.12555,0.25495,-0.03742,0.12820,0.25427,-0.04759
97,4.041667,right,10,ring_mcp,0.11644,0.25674,0.00245,0.11911,0.25605,-0.00774
97,4.041667,right,11,ring_pip,0.12452,0.27732,-0.01555,0.12717,0.27663,-0.02573
97,4.041667,right,12,ring_dip,0.11690,0.27391,-0.03602,0.11956,0.27323,-0.04620
97,4.041667,right,13,thumb_cmc,0.04787,0.21878,-0.00680,0.05053,0.21810,-0.01698
97,4.041667,right,14,thumb_mcp,0.04483,0.24487,-0.02027,0.04749,0.24418,-0.03044
97,4.041667,right,15,thumb_ip,0.05732,0.26035,-0.03652,0.05998,0.25967,-0.04671
97,4.041667,right,16,index_tip,0.08786,0.30432,-0.04196,0.09053,0.30364,-0.05214
97,4.041667,right,17,middle_tip,0.09531,0.28381,-0.04871,0.09797,0.28312,-0.05888
97,4.041667,right,18,pinky_tip,0.10630,0.23991,-0.03603,0.10895,0.23923,-0.04620
97,4.041667,right,19,ring_tip,0.09576,0.25258,-0.04097,0.09841,0.25189,-0.05115
97,4.041667,right,20,thumb_tip,0.08547,0.27635,-0.05595,0.08812,0.27566,-0.06612
98,4.083333,right,0,wrist,0.06714,0.18489,-0.00007,0.06983,0.18415,-0.01044
98,4.083333,right,1,index_mcp,0.07263,0.27469,0.00971,0.07533,0.27394,-0.00067
98,4.083333,right,2,index_pip,0.08203,0.29913,-0.00521,0.08473,0.29840,-0.01558
98,4.083333,right,3,index_dip,0.08440,0.30569,-0.02512,0.08711,0.30495,-0.03549
98,4.083333,right,4,middle_mcp,0.09822,0.27435,0.01043,0.10091,0.27361,0.00006
98,4.083333,right,5,middle_pip,0.11195,0.29688,-0.00396,0.11465,0.29614,-0.01433
98,4.083333,right,6,middle_dip,0.11294,0.30011,-0.02684,0.11565,0.29938,-0.03721
98,4.083333,right,7,pinky_mcp,0.12806,0.23928,-0.00799,0.13076,0.23854,-0.01837
98,4.083333,right,8,pinky_pip,0.12632,0.25256,-0.02415,0.12903,0.25182,-0.03452
98,4.083333,right,9,pinky_dip,0.12503,0.25333,-0.03868,0.12774,0.25259,-0.04904
98,4.083333,right,10,ring_mcp,0.11587,0.25565,0.00205,0.11857,0.25490,-0.00832
98,4.083333,right,11,ring_pip,0.12342,0.27507,-0.01611,0.12612,0.27433,-0.02649
98,4.083333,right,12,ring_dip,0.11661,0.27276,-0.03797,0.11932,0.27202,-0.04834
98,4.083333,right,13,thumb_cmc,0.04778,0.21725,-0.00738,0.05049,0.21651,-0.01775
98,4.083333,right,14,thumb_mcp,0.04497,0.24354,-0.02122,0.04768,0.24280,-0.03159
98,4.083333,right,15,thumb_ip,0.05759,0.25877,-0.03649,0.06029,0.25802,-0.04686
98,4.083333,right,16,index_tip,0.08704,0.30247,-0.04322,0.08974,0.30173,-0.05359
98,4.083333,right,17,middle_tip,0.09486,0.28112,-0.04928,0.09757,0.28037,-0.05965
98,4.083333,right,18,pinky_tip,0.10720,0.23787,-0.03777,0.10991,0.23713,-0.04814
98,4.083333,right,19,ring_tip,0.09428,0.25081,-0.04153,0.09699,0.25007,-0.05190
98,4.083333,right,20,thumb_tip,0.08470,0.27646,-0.05551,0.08740,0.27572,-0.06588
99,4.125000,right,0,wrist,0.06812,0.18607,0.00032,0.07096,0.18535,-0.01043
99,4.125000,right,1,index_mcp,0.07332,0.27598,0.00956,0.07615,0.27525,-0.00119
99,4.125000,right,2,index_pip,0.08257,0.30033,-0.00553,0.08540,0.29960,-0.01627
99,4.125000,right,3,index_dip,0.08494,0.30693,-0.02537,0.08778,0.30620,-0.03611
99,4.125000,right,4,middle_mcp,0.09882,0.27571,0.00995,0.10166,0.27499,-0.00080
99,4.125000,right,5,middle_pip,0.11230,0.29816,-0.00420,0.11514,0.29743,-0.01495
99,4.125000,right,6,middle_dip,0.11374,0.30122,-0.02659,0.11658,0.30048,-0.03734
99,4.125000,right,7,pinky_mcp,0.12845,0.24085,-0.00821,0.13129,0.24011,-0.01896
99,4.125000,right,8,pinky_pip,0.12733,0.25386,-0.02401,0.13017,0.25312,-0.03476
99,4.125000,right,9,pinky_dip,0.12624,0.25485,-0.03843,0.12908,0.25411,-0.04918
99,4.125000,right,10,ring_mcp,0.11695,0.25711,0.00183,0.11979,0.25638,-0.00892
99,4.125000,right,11,ring_pip,0.12452,0.27671,-0.01596,0.12736,0.27598,-0.02671
99,4.125000,right,12,ring_dip,0.11706,0.27380,-0.03781,0.11990,0.27307,-0.04856
99,4.125000,right,13,thumb_cmc,0.04855,0.21816,-0.00749,0.05139,0.21744,-0.01824
99,4.125000,right,14,thumb_mcp,0.04572,0.24451,-0.02143,0.04856,0.24378,-0.03219
99,4.125000,right,15,thumb_ip,0.05870,0.25976,-0.03670,0.06153,0.25904,-0.04745
99,4.125000,right,16,index_tip,0.08783,0.30342,-0.04362,0.09067,0.30269,-0.05437
99,4.125000,right,17,middle_tip,0.09594,0.28218,-0.04917,0.09878,0.28145,-0.05992
99,4.125000,right,18,pinky_tip,0.10825,0.23928,-0.03791,0.11109,0.23855,-0.04866
99,4.125000,right,19,ring_tip,0.09561,0.25179,-0.04136,0.09844,0.25107,-0.05211
99,4.125000,right,20,thumb_tip,0.08558,0.27757,-0.05571,0.08841,0.27684,-0.06647
100,4.166667,right,0,wrist,0.06923,0.18603,0.00029,0.07225,0.18526,-0.01101
100,4.166667,right,1,index_mcp,0.07462,0.27598,0.00949,0.07764,0.27521,-0.00179
100,4.166667,right,2,index_pip,0.08372,0.30023,-0.00580,0.08674,0.29946,-0.01709
100,4.166667,right,3,index_dip,0.08604,0.30688,-0.02583,0.08906,0.30612,-0.03712
100,4.166667,right,4,middle_mcp,0.09991,0.27578,0.00951,0.10293,0.27501,-0.00178
100,4.166667,right,5,middle_pip,0.11339,0.29803,-0.00454,0.11641,0.29726,-0.01583
100,4.166667,right,6,middle_dip,0.11490,0.30108,-0.02683,0.11792,0.30031,-0.03813
100,4.166667,right,7,pinky_mcp,0.12938,0.24138,-0.00858,0.13240,0.24061,-0.01987
100,4.166667,right,8,pinky_pip,0.12856,0.25371,-0.02427,0.13159,0.25294,-0.03556
100,4.166667,right,9,pinky_dip,0.12758,0.25495,-0.03855,0.13060,0.25418,-0.04985
100,4.166667,right,10,ring_mcp,0.11829,0.25707,0.00134,0.12131,0.25630,-0.00995
100,4.166667,right,11,ring_pip,0.12584,0.27686,-0.01621,0.12886,0.27610,-0.02751
100,4.166667,right,12,ring_dip,0.11807,0.27391,-0.03783,0.12109,0.27314,-0.04912
100,4.166667,right,13,thumb_cmc,0.04962,0.21819,-0.00769,0.05264,0.21742,-0.01898
100,4.166667,right,14,thumb_mcp,0.04665,0.24440,-0.02163,0.04967,0.24363,-0.03292
100,4.166667,right,15,thumb_ip,0.05972,0.25966,-0.03696,0.06274,0.25889,-0.04825
100,4.166667,right,16,index_tip,0.08906,0.30342,-0.04386,0.09209,0.30265,-0.05515
100,4.166667,right,17,middle_tip,0.09716,0.28226,-0.04968,0.10018,0.28149,-0.06098
100,4.166667,right,18,pinky_tip,0.10960,0.23958,-0.03858,0.11262,0.23881,-0.04988
100,4.166667,right,19,ring_tip,0.09700,0.25205,-0.04209,0.10002,0.25128,-0.05339
100,4.166667,right,20,thumb_tip,0.08655,0.27755,-0.05630,0.08957,0.27678,-0.06759
101,4.208333,right,0,wrist,0.07026,0.18518,-0.00030,0.07347,0.18434,-0.01218
101,4.208333,right,1,index_mcp,0.07599,0.27515,0.00918,0.07921,0.27432,-0.00271
101,4.208333,right,2,index_pip,0.08496,0.29935,-0.00634,0.08818,0.29851,-0.01823
101,4.208333,right,3,index_dip,0.08721,0.30601,-0.02664,0.09042,0.30518,-0.03853
101,4.208333,right,4,middle_mcp,0.10104,0.27503,0.00893,0.10425,0.27419,-0.00295
101,4.208333,right,5,middle_pip,0.11464,0.29710,-0.00519,0.11786,0.29626,-0.01707
101,4.208333,right,6,middle_dip,0.11595,0.30026,-0.02769,0.11916,0.29942,-0.03959
101,4.208333,right,7,pinky_mcp,0.13054,0.24087,-0.00907,0.13376,0.24004,-0.02096
101,4.208333,right,8,pinky_pip,0.12966,0.25271,-0.02502,0.13288,0.25187,-0.03691
101,4.208333,right,9,pinky_dip,0.12878,0.25424,-0.03920,0.13199,0.25340,-0.05109
101,4.208333,right,10,ring_mcp,0.11948,0.25619,0.00054,0.12270,0.25535,-0.01135
101,4.208333,right,11,ring_pip,0.12701,0.27610,-0.01696,0.13021,0.27526,-0.02885
101,4.208333,right,12,ring_dip,0.11924,0.27350,-0.03830,0.12245,0.27266,-0.05019
101,4.208333,right,13,thumb_cmc,0.05058,0.21757,-0.00794,0.05379,0.21674,-0.01983
101,4.208333,right,14,thumb_mcp,0.04755,0.24358,-0.02204,0.05077,0.24275,-0.03393
101,4.208333,right,15,thumb_ip,0.06050,0.25883,-0.03745,0.06372,0.25800,-0.04934
101,4.208333,right,16,index_tip,0.09031,0.30288,-0.04431,0.09353,0.30204,-0.05620
101,4.208333,right,17,middle_tip,0.09820,0.28170,-0.05079,0.10141,0.28086,-0.06268
101,4.208333,right,18,pinky_tip,0.11099,0.23926,-0.03994,0.11420,0.23843,-0.05182
101,4.208333,right,19,ring_tip,0.09815,0.25181,-0.04366,0.10136,0.25098,-0.05556
101,4.208333,right,20,thumb_tip,0.08724,0.27679,-0.05737,0.09044,0.27595,-0.06925
102,4.250000,right,0,wrist,0.07103,0.18876,-0.00101,0.07437,0.18803,-0.01331
102,4.250000,right,1,index_mcp,0.07914,0.27865,0.00666,0.08248,0.27792,-0.00564
102,4.250000,right,2,index_pip,0.08819,0.30266,-0.00919,0.09153,0.30192,-0.02149
102,4.250000,right,3,index_dip,0.09031,0.30916,-0.02960,0.09365,0.30842,-0.04191
102,4.250000,right,4,middle_mcp,0.10449,0.27777,0.00632,0.10783,0.27703,-0.00598
102,4.250000,right,5,middle_pip,0.11901,0.30021,-0.00767,0.12237,0.29947,-0.01998
102,4.250000,right,6,middle_dip,0.11955,0.30178,-0.03074,0.12290,0.30104,-0.04303
102,4.250000,right,7,pinky_mcp,0.13270,0.24240,-0.01212,0.13605,0.24167,-0.02443
102,4.250000,right,8,pinky_pip,0.13221,0.25498,-0.02677,0.13555,0.25425,-0.03907
102,4.250000,right,9,pinky_dip,0.13072,0.25564,-0.04235,0.13407,0.25490,-0.05465
102,4.250000,right,10,ring_mcp,0.12186,0.25822,-0.00186,0.12521,0.25750,-0.01416
102,4.250000,right,11,ring_pip,0.13028,0.27879,-0.01908,0.13362,0.27807,-0.03138
102,4.250000,right,12,ring_dip,0.12375,0.27633,-0.03988,0.12708,0.27560,-0.05219
102,4.250000,right,13,thumb_cmc,0.05230,0.22140,-0.00889,0.05565,0.22067,-0.02120
102,4.250000,right,14,thumb_mcp,0.04973,0.24706,-0.02371,0.05308,0.24632,-0.03601
102,4.250000,right,15,thumb_ip,0.06238,0.26216,-0.03937,0.06573,0.26143,-0.05167
102,4.250000,right,16,index_tip,0.09365,0.30505,-0.04777,0.09699,0.30432,-0.06007
102,4.250000,right,17,middle_tip,0.10035,0.28266,-0.05406,0.10370,0.28194,-0.06636
102,4.250000,right,18,pinky_tip,0.11192,0.24071,-0.04071,0.11527,0.23999,-0.05302
102,4.250000,right,19,ring_tip,0.10156,0.25420,-0.04526,0.10490,0.25347,-0.05757
102,4.250000,right,20,thumb_tip,0.08960,0.27778,-0.06066,0.09295,0.27705,-0.07296
103,4.291667,right,0,wrist,0.07174,0.18584,-0.00029,0.07513,0.18499,-0.01262
103,4.291667,right,1,index_mcp,0.07746,0.27534,0.00827,0.08085,0.27449,-0.00408
103,4.291667,right,2,index_pip,0.08646,0.29989,-0.00750,0.08985,0.29905,-0.01985
103,4.291667,right,3,index_dip,0.08825,0.30624,-0.02757,0.09164,0.30539,-0.03990
103,4.291667,right,4,middle_mcp,0.10267,0.27568,0.00852,0.10606,0.27483,-0.00382
103,4.291667,right,5,middle_pip,0.11610,0.29830,-0.00551,0.11950,0.29745,-0.01786
103,4.291667,right,6,middle_dip,0.11596,0.30020,-0.02934,0.11935,0.29935,-0.04168
103,4.291667,right,7,pinky_mcp,0.13167,0.24016,-0.00988,0.13506,0.23931,-0.02221
103,4.291667,right,8,pinky_pip,0.13067,0.25408,-0.02497,0.13406,0.25323,-0.03730
103,4.291667,right,9,pinky_dip,0.13003,0.25504,-0.03974,0.13342,0.25419,-0.05208
103,4.291667,right,10,ring_mcp,0.12084,0.25667,-0.00032,0.12423,0.25583,-0.01266
103,4.291667,right,11,ring_pip,0.12873,0.27662,-0.01736,0.13213,0.27577,-0.02970
103,4.291667,right,12,ring_dip,0.12241,0.27545,-0.03899,0.12580,0.27460,-0.05134
103,4.291667,right,13,thumb_cmc,0.05218,0.21836,-0.00753,0.05557,0.21752,-0.01987
103,4.291667,right,14,thumb_mcp,0.04934,0.24390,-0.02277,0.05273,0.24306,-0.03510
103,4.291667,right,15,thumb_ip,0.06101,0.25935,-0.03816,0.06440,0.25851,-0.05051
103,4.291667,right,16,index_tip,0.09070,0.30299,-0.04548,0.09409,0.30215,-0.05782
103,4.291667,right,17,middle_tip,0.09865,0.28300,-0.05165,0.10204,0.28215,-0.06399
103,4.291667,right,18,pinky_tip,0.11278,0.24032,-0.03957,0.11617,0.23947,-0.05191
103,4.291667,right,19,ring_tip,0.09893,0.25275,-0.04470,0.10233,0.25190,-0.05704
103,4.291667,right,20,thumb_tip,0.08932,0.27648,-0.05897,0.09271,0.27563,-0.07131
104,4.333333,right,0,wrist,0.07135,0.18694,-0.00013,0.07466,0.18615,-0.01224
104,4.333333,right,1,index_mcp,0.07572,0.27691,0.00829,0.07903,0.27612,-0.00382
104,4.333333,right,2,index_pip,0.08430,0.30092,-0.00735,0.08761,0.30013,-0.01945
104,4.333333,right,3,index_dip,0.08619,0.30758,-0.02719,0.08950,0.30679,-0.03930
104,4.333333,right,4,middle_mcp,0.10103,0.27667,0.00833,0.10434,0.27588,-0.00378
104,4.333333,right,5,middle_pip,0.11400,0.30006,-0.00542,0.11732,0.29927,-0.01753
104,4.333333,right,6,middle_dip,0.11434,0.30207,-0.02816,0.11766,0.30128,-0.04026
104,4.333333,right,7,pinky_mcp,0.13084,0.24225,-0.01004,0.13415,0.24146,-0.02215
104,4.333333,right,8,pinky_pip,0.12921,0.25578,-0.02481,0.13253,0.25499,-0.03691
104,4.333333,right,9,pinky_dip,0.12894,0.25709,-0.03942,0.13225,0.25630,-0.05152
104,4.333333,right,10,ring_mcp,0.11970,0.25867,0.00013,0.12302,0.25788,-0.01198
104,4.333333,right,11,ring_pip,0.12731,0.27880,-0.01705,0.13062,0.27801,-0.02916
104,4.333333,right,12,ring_dip,0.12066,0.27710,-0.03825,0.12397,0.27631,-0.05035
104,4.333333,right,13,thumb_cmc,0.05145,0.21881,-0.00792,0.05476,0.21801,-0.02003
104,4.333333,right,14,thumb_mcp,0.04824,0.24464,-0.02253,0.05155,0.24385,-0.03463
104,4.333333,right,15,thumb_ip,0.05952,0.26017,-0.03821,0.06284,0.25938,-0.05032
104,4.333333,right,16,index_tip,0.08927,0.30435,-0.04550,0.09259,0.30356,-0.05760
104,4.333333,right,17,middle_tip,0.09683,0.28395,-0.05123,0.10015,0.28316,-0.06334
104,4.333333,right,18,pinky_tip,0.11127,0.24201,-0.03941,0.11459,0.24122,-0.05151
104,4.333333,right,19,ring_tip,0.09790,0.25380,-0.04336,0.10121,0.25301,-0.05546
104,4.333333,right,20,thumb_tip,0.08752,0.27770,-0.05888,0.09083,0.27690,-0.07099
105,4.375000,right,0,wrist,0.07169,0.18585,0.00013,0.07493,0.18504,-0.01164
105,4.375000,right,1,index_mcp,0.07611,0.27589,0.00878,0.07935,0.27508,-0.00300
105,4.375000,right,2,index_pip,0.08455,0.29977,-0.00672,0.08779,0.29896,-0.01850
105,4.375000,right,3,index_dip,0.08640,0.30661,-0.02676,0.08964,0.30581,-0.03854
105,4.375000,right,4,middle_mcp,0.10133,0.27567,0.00869,0.10458,0.27487,-0.00308
105,4.375000,right,5,middle_pip,0.11420,0.29902,-0.00507,0.11744,0.29821,-0.01683
105,4.375000,right,6,middle_dip,0.11435,0.30114,-0.02753,0.11759,0.30033,-0.03929
105,4.375000,right,7,pinky_mcp,0.13091,0.24166,-0.00993,0.13414,0.24086,-0.02169
105,4.375000,right,8,pinky_pip,0.12937,0.25481,-0.02438,0.13261,0.25400,-0.03615
105,4.375000,right,9,pinky_dip,0.12924,0.25641,-0.03906,0.13249,0.25559,-0.05084
105,4.375000,right,10,ring_mcp,0.12004,0.25773,0.00053,0.12327,0.25692,-0.01125
105,4.375000,right,11,ring_pip,0.12758,0.27813,-0.01662,0.13081,0.27732,-0.02839
105,4.375000,right,12,ring_dip,0.12064,0.27630,-0.03749,0.12387,0.27549,-0.04925
105,4.375000,right,13,thumb_cmc,0.05164,0.21767,-0.00763,0.05489,0.21686,-0.01941
105,4.375000,right,14,thumb_mcp,0.04843,0.24352,-0.02198,0.05168,0.24271,-0.03376
105,4.375000,right,15,thumb_ip,0.05962,0.25919,-0.03781,0.06285,0.25838,-0.04958
105,4.375000,right,16,index_tip,0.08952,0.30346,-0.04493,0.09277,0.30266,-0.05669
105,4.375000,right,17,middle_tip,0.09690,0.28330,-0.05073,0.10013,0.28249,-0.06250
105,4.375000,right,18,pinky_tip,0.11134,0.24160,-0.03938,0.11457,0.24079,-0.05114
105,4.375000,right,19,ring_tip,0.09822,0.25323,-0.04254,0.10145,0.25243,-0.05432
105,4.375000,right,20,thumb_tip,0.08739,0.27694,-0.05816,0.09063,0.27614,-0.06994
106,4.416667,right,0,wrist,0.07316,0.18353,0.00017,0.07637,0.18266,-0.01131
106,4.416667,right,1,index_mcp,0.07830,0.27325,0.00980,0.08151,0.27238,-0.00169
106,4.416667,right,2,index_pip,0.08673,0.29746,-0.00552,0.08995,0.29659,-0.01700
106,4.416667,right,3,index_dip,0.08838,0.30444,-0.02599,0.09160,0.30357,-0.03748
106,4.416667,right,4,middle_mcp,0.10327,0.27357,0.00963,0.10648,0.27269,-0.00186
106,4.416667,right,5,middle_pip,0.11621,0.29654,-0.00430,0.11942,0.29567,-0.01579
106,4.416667,right,6,middle_dip,0.11573,0.29885,-0.02711,0.11895,0.29798,-0.03860
106,4.416667,right,7,pinky_mcp,0.13212,0.23963,-0.00952,0.13533,0.23875,-0.02101
106,4.416667,right,8,pinky_pip,0.13101,0.25251,-0.02379,0.13423,0.25164,-0.03527
106,4.416667,right,9,pinky_dip,0.13093,0.25438,-0.03868,0.13414,0.25351,-0.05017
106,4.416667,right,10,ring_mcp,0.12169,0.25513,0.00097,0.12489,0.25426,-0.01052
106,4.416667,right,11,ring_pip,0.12934,0.27594,-0.01594,0.13255,0.27507,-0.02742
106,4.416667,right,12,ring_dip,0.12226,0.27444,-0.03661,0.12547,0.27357,-0.04811
106,4.416667,right,13,thumb_cmc,0.05297,0.21580,-0.00697,0.05618,0.21493,-0.01845
106,4.416667,right,14,thumb_mcp,0.04998,0.24143,-0.02116,0.05319,0.24055,-0.03265
106,4.416667,right,15,thumb_ip,0.06118,0.25736,-0.03694,0.06439,0.25649,-0.04842
106,4.416667,right,16,index_tip,0.09125,0.30153,-0.04359,0.09447,0.30066,-0.05508
106,4.416667,right,17,middle_tip,0.09858,0.28206,-0.04997,0.10179,0.28119,-0.06147
106,4.416667,right,18,pinky_tip,0.11305,0.24032,-0.03939,0.11627,0.23945,-0.05087
106,4.416667,right,19,ring_tip,0.09988,0.25210,-0.04204,0.10309,0.25122,-0.05353
106,4.416667,right,20,thumb_tip,0.08878,0.27533,-0.05687,0.09200,0.27446,-0.06836
